Date,Open,High,Low,Close,Volume,Symbol,Sector
2019-01-01,9000.0,9400.0,9000.0,9400.0,380.0,NESTLE,Consumer
2019-01-02,9011.0,9100.0,8930.0,8930.0,160.0,NESTLE,Consumer
2019-01-03,8511.0,8511.0,8501.0,8501.0,80.0,NESTLE,Consumer
2019-01-04,8076.0,8925.99,8076.0,8200.0,240.0,NESTLE,Consumer
2019-01-08,7955.0,8199.0,7925.0,8199.0,60.0,NESTLE,Consumer
2019-01-09,8300.0,8300.0,8300.0,8300.0,20.0,NESTLE,Consumer
2019-01-15,8100.0,8100.0,8100.0,8100.0,40.0,NESTLE,Consumer
2019-01-18,8200.0,8200.0,7900.0,7900.0,80.0,NESTLE,Consumer
2019-01-21,8031.0,8031.0,8031.0,8031.0,20.0,NESTLE,Consumer
2019-01-22,8100.0,8100.0,8100.0,8100.0,20.0,NESTLE,Consumer
2019-01-24,8200.0,8200.0,8200.0,8200.0,20.0,NESTLE,Consumer
2019-01-29,8200.0,8200.0,8200.0,8200.0,40.0,NESTLE,Consumer
2019-01-30,8600.0,8600.0,8600.0,8600.0,20.0,NESTLE,Consumer
2019-02-01,8510.0,8510.0,8510.0,8510.0,20.0,NESTLE,Consumer
2019-02-04,8770.0,8900.0,8750.0,8900.0,100.0,NESTLE,Consumer
2019-02-06,9000.0,9000.0,9000.0,9000.0,40.0,NESTLE,Consumer
2019-02-07,8800.0,8800.0,8800.0,8800.0,20.0,NESTLE,Consumer
2019-02-08,8810.0,8810.0,8800.0,8800.0,40.0,NESTLE,Consumer
2019-02-13,8850.0,8850.0,8800.0,8800.0,60.0,NESTLE,Consumer
2019-02-14,8800.0,8800.0,8800.0,8800.0,40.0,NESTLE,Consumer
2019-02-18,8890.0,8900.0,8890.0,8900.0,40.0,NESTLE,Consumer
2019-02-25,8600.0,8600.0,8600.0,8600.0,20.0,NESTLE,Consumer
2019-02-26,8500.0,8500.0,8500.0,8500.0,20.0,NESTLE,Consumer
2019-02-28,8300.0,8300.0,8200.0,8200.0,5000.0,NESTLE,Consumer
2019-03-01,8200.0,8200.0,8200.0,8200.0,20.0,NESTLE,Consumer
2019-03-04,8200.0,8200.0,8200.0,8200.0,60.0,NESTLE,Consumer
2019-03-07,8200.0,8200.0,8200.0,8200.0,20.0,NESTLE,Consumer
2019-03-12,0.0,8200.0,8200.0,8200.0,5000.0,NESTLE,Consumer
2019-03-21,8199.0,8199.0,8199.0,8199.0,20.0,NESTLE,Consumer
2019-03-22,8590.0,8590.0,7789.05,7789.05,200.0,NESTLE,Consumer
2019-03-25,7399.6,7399.6,7399.6,7399.6,60.0,NESTLE,Consumer
2019-03-26,7031.0,7769.0,7029.62,7321.12,320.0,NESTLE,Consumer
2019-03-27,7011.01,7011.01,6955.07,6999.48,440.0,NESTLE,Consumer
2019-03-28,7299.0,7349.45,6666.0,7032.01,780.0,NESTLE,Consumer
2019-03-29,7383.0,7383.0,7060.0,7191.8,140.0,NESTLE,Consumer
2019-04-01,7000.0,7000.0,7000.0,7000.0,20.0,NESTLE,Consumer
2019-04-02,7200.0,7300.0,6800.0,6805.5,120.0,NESTLE,Consumer
2019-04-03,6650.0,7144.0,6650.0,7079.25,180.0,NESTLE,Consumer
2019-04-04,6900.0,7397.0,6900.0,7064.35,460.0,NESTLE,Consumer
2019-04-05,6901.0,7298.0,6901.0,7294.4,220.0,NESTLE,Consumer
2019-04-08,7484.0,7484.0,7065.0,7484.0,600.0,NESTLE,Consumer
2019-04-09,7475.0,7780.0,7200.0,7488.67,660.0,NESTLE,Consumer
2019-04-10,7768.0,7768.0,7768.0,7768.0,500.0,NESTLE,Consumer
2019-04-11,8050.0,8050.0,7789.05,7789.05,1060.0,NESTLE,Consumer
2019-04-12,7780.0,7780.0,7780.0,7780.0,20.0,NESTLE,Consumer
2019-04-15,8060.0,8060.0,8000.0,8060.0,1020.0,NESTLE,Consumer
2019-04-16,7700.0,7899.0,7700.0,7899.0,80.0,NESTLE,Consumer
2019-04-17,7900.0,7900.0,7504.05,7602.5,1000.0,NESTLE,Consumer
2019-04-18,0.0,7915.0,7915.0,7539.5,500.0,NESTLE,Consumer
2019-04-19,7900.0,7900.0,7900.0,7900.0,540.0,NESTLE,Consumer
2019-04-22,7789.0,7789.0,7789.0,7789.0,120.0,NESTLE,Consumer
2019-04-23,7790.0,7970.0,7790.0,7790.0,340.0,NESTLE,Consumer
2019-04-24,7999.0,7999.0,7999.0,7999.0,20.0,NESTLE,Consumer
2019-04-25,7700.0,7700.0,7700.0,7700.0,20.0,NESTLE,Consumer
2019-04-26,7750.0,7775.0,7316.16,7670.33,640.0,NESTLE,Consumer
2019-04-29,7630.0,7630.0,7630.0,7630.0,120.0,NESTLE,Consumer
2019-04-30,7749.0,7750.0,7749.0,7750.0,560.0,NESTLE,Consumer
2019-05-02,7500.0,7500.0,7362.5,7362.5,180.0,NESTLE,Consumer
2019-05-03,7400.0,7400.0,7010.0,7240.0,120.0,NESTLE,Consumer
2019-05-07,7465.0,7465.0,7465.0,7465.0,300.0,NESTLE,Consumer
2019-05-08,0.0,7091.75,7091.75,7465.0,220.0,NESTLE,Consumer
2019-05-09,7350.0,7400.0,7099.0,7212.5,280.0,NESTLE,Consumer
2019-05-10,7570.0,7570.0,7570.0,7570.0,20.0,NESTLE,Consumer
2019-05-15,7790.0,7790.0,7191.5,7191.5,120.0,NESTLE,Consumer
2019-05-16,6831.93,7249.0,6831.93,7249.0,140.0,NESTLE,Consumer
2019-05-17,6900.0,7189.0,6900.0,7189.0,40.0,NESTLE,Consumer
2019-05-20,7198.0,7198.0,7198.0,7198.0,120.0,NESTLE,Consumer
2019-05-21,7198.0,7198.0,6838.1,7038.85,300.0,NESTLE,Consumer
2019-05-23,6890.0,6890.0,6800.01,6845.01,60.0,NESTLE,Consumer
2019-05-24,7089.0,7089.0,7089.0,7089.0,20.0,NESTLE,Consumer
2019-05-28,7070.0,7400.0,7000.0,7340.0,4300.0,NESTLE,Consumer
2019-05-29,7200.0,7200.0,7000.1,7000.1,40.0,NESTLE,Consumer
2019-05-30,6700.0,7199.0,6700.0,7148.5,80.0,NESTLE,Consumer
2019-06-10,6950.0,7099.0,6791.08,6947.02,300.0,NESTLE,Consumer
2019-06-14,7087.0,7087.0,7087.0,7087.0,280.0,NESTLE,Consumer
2019-06-17,6750.0,7070.0,6750.0,6989.99,360.0,NESTLE,Consumer
2019-06-18,6701.01,6797.0,6640.51,6752.29,380.0,NESTLE,Consumer
2019-06-19,6750.0,6849.0,6650.0,6849.0,660.0,NESTLE,Consumer
2019-06-20,6700.0,6700.0,6661.0,6700.0,10040.0,NESTLE,Consumer
2019-06-21,6848.0,6848.0,6848.0,6848.0,200.0,NESTLE,Consumer
2019-06-24,6600.0,6947.0,6600.0,6917.5,140.0,NESTLE,Consumer
2019-06-25,6750.0,6799.0,6571.63,6685.32,120.0,NESTLE,Consumer
2019-06-26,6699.99,6799.0,6352.0,6799.0,940.0,NESTLE,Consumer
2019-06-27,6459.05,6750.0,6459.05,6666.87,140.0,NESTLE,Consumer
2019-07-01,6999.0,6999.0,6999.0,6999.0,20.0,NESTLE,Consumer
2019-07-02,7100.0,7100.0,6750.0,6750.0,100.0,NESTLE,Consumer
2019-07-03,6600.0,6749.0,6600.0,6749.0,220.0,NESTLE,Consumer
2019-07-05,6800.0,6800.0,6800.0,6800.0,40.0,NESTLE,Consumer
2019-07-08,0.0,7100.0,7100.0,6800.0,20.0,NESTLE,Consumer
2019-07-09,6600.0,6799.0,6600.0,6799.0,40.0,NESTLE,Consumer
2019-07-10,6800.0,6800.0,6800.0,6800.0,20.0,NESTLE,Consumer
2019-07-16,0.0,7130.0,7130.0,6800.0,20.0,NESTLE,Consumer
2019-07-17,7100.0,7100.0,7100.0,7100.0,20.0,NESTLE,Consumer
2019-07-18,6800.0,6800.0,6800.0,6800.0,20.0,NESTLE,Consumer
2019-07-19,6460.0,7100.0,6460.0,6460.0,100.0,NESTLE,Consumer
2019-07-23,6599.0,6599.0,6137.0,6137.69,60.0,NESTLE,Consumer
2019-07-24,6440.0,6440.0,5850.0,5850.0,120.0,NESTLE,Consumer
2019-07-25,6134.99,6134.99,6134.99,6134.99,20.0,NESTLE,Consumer
2019-07-26,5830.0,5830.0,5828.25,5828.25,40.0,NESTLE,Consumer
2019-07-30,5555.0,5555.0,5555.0,5555.0,20.0,NESTLE,Consumer
2019-07-31,5700.0,5700.0,5700.0,5700.0,40.0,NESTLE,Consumer
2019-08-01,5500.0,5500.0,5500.0,5500.0,100.0,NESTLE,Consumer
2019-08-02,5775.0,5775.0,5699.0,5700.0,60.0,NESTLE,Consumer
2019-08-05,5899.0,5899.0,5899.0,5899.0,20.0,NESTLE,Consumer
2019-08-07,0.0,5727.41,5727.41,5727.41,0.0,NESTLE,Consumer
2019-08-08,6013.0,6013.0,6013.0,6013.0,20.0,NESTLE,Consumer
2019-08-09,6290.0,6300.0,5712.36,6300.0,80.0,NESTLE,Consumer
2019-08-16,6579.99,6580.0,5985.01,6295.0,320.0,NESTLE,Consumer
2019-08-19,5980.25,5980.25,5980.25,5980.25,20.0,NESTLE,Consumer
2019-08-20,6279.26,6279.26,5900.0,6130.0,140.0,NESTLE,Consumer
2019-08-22,5824.12,6199.0,5824.11,6187.61,1300.0,NESTLE,Consumer
2019-08-26,5950.0,6275.0,5950.0,6166.67,60.0,NESTLE,Consumer
2019-08-27,5900.0,6198.0,5858.34,6182.0,120.0,NESTLE,Consumer
2019-08-28,5911.01,5911.01,5873.0,5873.0,140.0,NESTLE,Consumer
2019-08-29,5800.0,5800.0,5800.0,5800.0,20.0,NESTLE,Consumer
2019-08-30,6090.0,6090.0,6090.0,6090.0,40.0,NESTLE,Consumer
2019-09-03,5800.01,6095.0,5800.0,6095.0,80.0,NESTLE,Consumer
2019-09-05,5800.0,5800.0,5790.25,5790.25,100.0,NESTLE,Consumer
2019-09-06,5899.0,5899.0,5899.0,5899.0,20.0,NESTLE,Consumer
2019-09-11,5600.0,5788.0,5518.55,5619.64,180.0,NESTLE,Consumer
2019-09-12,5750.0,5750.0,5750.0,5750.0,20.0,NESTLE,Consumer
2019-09-13,0.0,5989.0,5989.0,5750.0,20.0,NESTLE,Consumer
2019-09-16,5940.0,5940.0,5890.0,5890.0,40.0,NESTLE,Consumer
2019-09-17,6178.0,6178.0,5595.5,5642.76,380.0,NESTLE,Consumer
2019-09-24,5920.0,5920.0,5750.0,5750.0,40.0,NESTLE,Consumer
2019-09-25,5560.0,5644.0,5462.5,5583.5,200.0,NESTLE,Consumer
2019-10-03,5520.0,5520.0,5520.0,5520.0,20.0,NESTLE,Consumer
2019-10-07,5540.0,5580.0,5450.0,5580.0,300.0,NESTLE,Consumer
2019-10-08,5580.0,5580.0,5510.0,5510.0,100.0,NESTLE,Consumer
2019-10-09,5520.0,5520.0,5520.0,5520.0,60.0,NESTLE,Consumer
2019-10-10,5520.0,5520.0,5518.0,5520.0,160.0,NESTLE,Consumer
2019-10-11,5520.0,5520.0,5365.0,5365.0,100.0,NESTLE,Consumer
2019-10-16,5500.0,5565.0,5500.0,5565.0,80.0,NESTLE,Consumer
2019-10-17,5560.0,5565.0,5525.0,5525.0,100.0,NESTLE,Consumer
2019-10-18,5525.0,5801.25,5525.0,5764.24,1040.0,NESTLE,Consumer
2019-10-21,6000.0,6000.0,5985.0,6000.0,120.0,NESTLE,Consumer
2019-10-22,6300.0,6300.0,6300.0,6300.0,60.0,NESTLE,Consumer
2019-10-23,6610.0,6610.0,6610.0,6610.0,20.0,NESTLE,Consumer
2019-10-24,6500.0,6937.0,6400.0,6930.0,100.0,NESTLE,Consumer
2019-10-25,7000.0,7000.0,6584.0,6792.0,80.0,NESTLE,Consumer
2019-10-30,6500.0,6790.0,6500.0,6645.0,400.0,NESTLE,Consumer
2019-10-31,6313.0,6400.0,6313.0,6400.0,220.0,NESTLE,Consumer
2019-11-01,6120.01,6449.0,6110.0,6449.0,140.0,NESTLE,Consumer
2019-11-04,0.0,6440.0,6440.0,6449.0,20.0,NESTLE,Consumer
2019-11-05,6440.0,6490.0,6440.0,6465.0,40.0,NESTLE,Consumer
2019-11-06,6788.0,6788.0,6778.0,6779.0,80.0,NESTLE,Consumer
2019-11-07,6550.0,6550.0,6550.0,6550.0,40.0,NESTLE,Consumer
2019-11-08,6550.0,6550.0,6500.0,6550.0,100.0,NESTLE,Consumer
2019-11-11,6856.0,6856.0,6530.0,6530.0,60.0,NESTLE,Consumer
2019-11-12,6800.0,6800.0,6549.0,6549.8,160.0,NESTLE,Consumer
2019-11-14,6400.0,6700.0,6400.0,6550.0,180.0,NESTLE,Consumer
2019-11-15,6425.0,6841.0,6400.0,6576.25,300.0,NESTLE,Consumer
2019-11-18,6821.99,6821.99,6252.0,6276.25,420.0,NESTLE,Consumer
2019-11-19,6030.01,6335.0,6030.01,6335.0,120.0,NESTLE,Consumer
2019-11-20,6369.99,6385.0,6100.0,6225.0,300.0,NESTLE,Consumer
2019-11-21,6250.0,6390.0,6200.0,6321.99,1240.0,NESTLE,Consumer
2019-11-22,6200.0,6398.0,6200.0,6398.0,100.0,NESTLE,Consumer
2019-11-25,6101.2,6389.98,6101.2,6389.98,60.0,NESTLE,Consumer
2019-11-26,6200.0,6397.0,6162.0,6397.0,80.0,NESTLE,Consumer
2019-11-27,6399.98,6399.98,6397.95,6397.95,40.0,NESTLE,Consumer
2019-11-28,0.0,6300.0,6300.0,6397.95,1160.0,NESTLE,Consumer
2019-11-29,0.0,6717.0,6717.0,6397.95,20.0,NESTLE,Consumer
2019-12-02,6492.0,6492.0,6485.0,6490.0,120.0,NESTLE,Consumer
2019-12-03,6498.0,6814.5,6498.0,6814.5,1440.0,NESTLE,Consumer
2019-12-04,7130.0,7130.0,6601.01,6750.0,100.0,NESTLE,Consumer
2019-12-05,6900.0,6900.0,6900.0,6900.0,20.0,NESTLE,Consumer
2019-12-06,7000.0,7245.0,7000.0,7245.0,280.0,NESTLE,Consumer
2019-12-09,7400.0,7607.25,7400.0,7607.25,320.0,NESTLE,Consumer
2019-12-10,7986.0,7987.61,7986.0,7987.61,140.0,NESTLE,Consumer
2019-12-11,8386.99,8386.99,7950.0,7950.0,180.0,NESTLE,Consumer
2019-12-12,8300.0,8300.0,7725.0,8080.0,120.0,NESTLE,Consumer
2019-12-13,8100.0,8100.0,8100.0,8100.0,120.0,NESTLE,Consumer
2019-12-16,8480.0,8480.0,8480.0,8480.0,40.0,NESTLE,Consumer
2019-12-17,8800.0,8800.0,8056.0,8200.0,340.0,NESTLE,Consumer
2019-12-18,7815.01,8125.0,7790.0,7860.0,240.0,NESTLE,Consumer
2019-12-19,7481.5,7481.5,7475.02,7475.02,60.0,NESTLE,Consumer
2019-12-20,7800.0,7800.0,7800.0,7800.0,40.0,NESTLE,Consumer
2019-12-23,7750.0,7999.99,7750.0,7975.0,60.0,NESTLE,Consumer
2019-12-24,7580.01,7998.99,7580.01,7998.99,40.0,NESTLE,Consumer
2019-12-26,7980.0,8000.0,7949.0,7983.5,120.0,NESTLE,Consumer
2019-12-30,8299.99,8300.0,8100.0,8100.0,60.0,NESTLE,Consumer
2019-12-31,7852.0,8200.0,7750.0,8050.0,320.0,NESTLE,Consumer
2020-01-02,8100.0,8250.0,8100.0,8250.0,40.0,NESTLE,Consumer
2020-01-03,7840.2,8274.0,7840.0,8175.0,80.0,NESTLE,Consumer
2020-01-07,8000.0,8099.9,8000.0,8000.0,660.0,NESTLE,Consumer
2020-01-08,8010.0,8020.0,7950.0,8001.0,660.0,NESTLE,Consumer
2020-01-13,7990.0,8100.0,7990.0,8075.0,1460.0,NESTLE,Consumer
2020-01-14,8000.0,8000.0,8000.0,8000.0,100.0,NESTLE,Consumer
2020-01-23,8000.0,8000.0,7980.0,8000.0,520.0,NESTLE,Consumer
2020-01-28,7560.16,7988.98,7560.16,7988.98,40.0,NESTLE,Consumer
2020-01-31,0.0,7950.0,7950.0,7950.0,0.0,NESTLE,Consumer
2020-02-07,0.0,7473.0,7473.0,7950.0,1440.0,NESTLE,Consumer
2020-02-10,7473.0,7473.0,7473.0,7473.0,5800.0,NESTLE,Consumer
2020-02-12,7400.0,7400.0,7400.0,7400.0,20.0,NESTLE,Consumer
2020-02-13,7425.0,7425.0,7425.0,7425.0,20.0,NESTLE,Consumer
2020-02-24,7800.0,7800.0,7800.0,7800.0,5000.0,NESTLE,Consumer
2020-02-25,7300.0,7800.0,7300.0,7800.0,160.0,NESTLE,Consumer
2020-02-27,7940.0,7940.0,7500.0,7554.55,300.0,NESTLE,Consumer
2020-03-05,7554.55,7600.0,7554.55,7600.0,2460.0,NESTLE,Consumer
2020-03-06,7700.0,7700.0,7700.0,7700.0,20.0,NESTLE,Consumer
2020-03-09,7550.01,7550.01,7200.0,7203.5,100.0,NESTLE,Consumer
2020-03-16,7203.5,7203.5,7203.5,7203.5,20.0,NESTLE,Consumer
2020-03-17,0.0,7202.14,7202.14,7202.14,0.0,NESTLE,Consumer
2020-03-19,6700.0,6700.0,6700.0,6700.0,20.0,NESTLE,Consumer
2020-03-31,6700.0,6700.0,6700.0,6700.0,20.0,NESTLE,Consumer
2020-04-01,6700.0,6700.0,6600.0,6600.0,140.0,NESTLE,Consumer
2020-04-02,6590.0,6590.0,6590.0,6590.0,20.0,NESTLE,Consumer
2020-04-08,6590.0,6590.0,6590.0,6590.0,20.0,NESTLE,Consumer
2020-04-13,6590.0,6590.0,6100.0,6163.5,140.0,NESTLE,Consumer
2020-04-14,5810.0,6025.0,5800.0,5810.0,380.0,NESTLE,Consumer
2020-04-15,5451.0,5809.0,5451.0,5560.02,820.0,NESTLE,Consumer
2020-04-16,5550.0,5640.0,5550.0,5600.0,320.0,NESTLE,Consumer
2020-04-17,5700.0,5790.0,5500.0,5620.0,1360.0,NESTLE,Consumer
2020-04-20,5600.0,5749.0,5575.0,5699.88,2080.0,NESTLE,Consumer
2020-04-21,5800.0,5800.0,5600.0,5613.24,380.0,NESTLE,Consumer
2020-04-22,5650.0,5650.0,5600.8,5629.3,760.0,NESTLE,Consumer
2020-04-23,5658.0,5680.0,5658.0,5680.0,60.0,NESTLE,Consumer
2020-04-27,5500.0,5548.0,5380.01,5548.0,140.0,NESTLE,Consumer
2020-04-28,5700.0,5780.0,5700.0,5780.0,40.0,NESTLE,Consumer
2020-04-29,5700.0,5700.0,5680.0,5699.67,140.0,NESTLE,Consumer
2020-04-30,5700.0,5800.0,5680.0,5700.0,1180.0,NESTLE,Consumer
2020-05-04,5650.0,5750.0,5650.0,5700.0,560.0,NESTLE,Consumer
2020-05-05,5700.0,5850.0,5700.0,5829.13,760.0,NESTLE,Consumer
2020-05-06,5800.0,5995.0,5800.0,5915.11,1260.0,NESTLE,Consumer
2020-05-07,5900.0,5900.0,5800.0,5837.5,320.0,NESTLE,Consumer
2020-05-08,5850.0,6160.0,5850.0,6100.0,2400.0,NESTLE,Consumer
2020-05-13,6100.0,6100.0,6060.0,6087.29,160.0,NESTLE,Consumer
2020-05-14,6210.0,6350.0,6210.0,6347.5,180.0,NESTLE,Consumer
2020-05-15,6490.0,6775.0,6465.0,6690.0,240.0,NESTLE,Consumer
2020-05-18,6790.0,6999.99,6790.0,6933.75,460.0,NESTLE,Consumer
2020-05-19,7195.0,7195.0,6950.0,7050.0,260.0,NESTLE,Consumer
2020-05-21,7500.0,7500.0,7020.0,7130.0,100.0,NESTLE,Consumer
2020-05-28,0.0,6600.0,6600.0,7130.0,20.0,NESTLE,Consumer
2020-05-29,6752.03,6999.99,6752.03,6873.33,80.0,NESTLE,Consumer
2020-06-01,6800.01,6800.01,6750.0,6753.33,140.0,NESTLE,Consumer
2020-06-02,0.0,6999.0,6999.0,6753.33,20.0,NESTLE,Consumer
2020-06-03,6800.0,6800.0,6800.0,6800.0,100.0,NESTLE,Consumer
2020-06-04,6600.0,6600.0,6600.0,6600.0,20.0,NESTLE,Consumer
2020-06-08,6600.0,6600.0,6580.0,6580.0,100.0,NESTLE,Consumer
2020-06-09,6690.0,6690.0,6690.0,6690.0,20.0,NESTLE,Consumer
2020-06-10,6650.0,6650.0,6650.0,6650.0,40.0,NESTLE,Consumer
2020-06-11,6630.0,6630.0,6405.0,6475.0,2420.0,NESTLE,Consumer
2020-06-12,6500.0,6600.0,6455.05,6535.0,280.0,NESTLE,Consumer
2020-06-16,6400.0,6401.0,6400.0,6401.0,60.0,NESTLE,Consumer
2020-06-17,6500.0,6547.99,6450.0,6500.0,4120.0,NESTLE,Consumer
2020-06-18,6500.0,6500.0,6500.0,6500.0,20.0,NESTLE,Consumer
2020-06-22,6400.0,6450.0,6201.0,6448.26,240.0,NESTLE,Consumer
2020-06-23,6450.0,6450.0,6450.0,6450.0,60.0,NESTLE,Consumer
2020-06-24,6475.0,6850.0,6475.0,6850.0,180.0,NESTLE,Consumer
2020-06-25,6565.0,6565.0,6500.0,6500.0,60.0,NESTLE,Consumer
2020-06-30,6500.0,6735.0,6400.0,6735.0,100.0,NESTLE,Consumer
2020-07-01,6500.0,6735.0,6500.0,6696.25,120.0,NESTLE,Consumer
2020-07-02,6890.0,6890.0,6890.0,6890.0,20.0,NESTLE,Consumer
2020-07-06,6845.0,6845.0,6750.0,6845.0,40.0,NESTLE,Consumer
2020-07-07,6500.0,6800.0,6500.0,6750.0,440.0,NESTLE,Consumer
2020-07-08,6871.0,6874.0,6600.26,6700.0,100.0,NESTLE,Consumer
2020-07-09,6850.0,6895.0,6800.0,6800.84,260.0,NESTLE,Consumer
2020-07-13,6700.0,6800.0,6700.0,6800.0,100.0,NESTLE,Consumer
2020-07-14,6800.0,6800.0,6800.0,6800.0,20.0,NESTLE,Consumer
2020-07-15,6800.0,6800.0,6750.0,6800.0,80.0,NESTLE,Consumer
2020-07-16,6800.0,6900.0,6800.0,6900.0,80.0,NESTLE,Consumer
2020-07-20,6755.0,6755.0,6750.0,6750.0,40.0,NESTLE,Consumer
2020-07-21,6845.0,6845.0,6800.0,6800.0,140.0,NESTLE,Consumer
2020-07-23,6900.0,6900.0,6700.0,6718.33,120.0,NESTLE,Consumer
2020-07-28,6700.01,6771.03,6500.0,6577.12,340.0,NESTLE,Consumer
2020-07-29,6600.0,6697.99,6499.99,6500.0,480.0,NESTLE,Consumer
2020-07-30,6500.0,6500.01,6450.0,6466.67,460.0,NESTLE,Consumer
2020-08-03,6490.0,6600.0,6490.0,6490.0,780.0,NESTLE,Consumer
2020-08-04,6500.0,6520.0,6450.0,6450.0,700.0,NESTLE,Consumer
2020-08-05,6560.0,6560.0,6400.0,6410.0,220.0,NESTLE,Consumer
2020-08-06,6550.0,6550.0,6400.0,6425.0,160.0,NESTLE,Consumer
2020-08-07,6500.0,6500.0,6400.0,6443.33,340.0,NESTLE,Consumer
2020-08-10,6500.0,6500.0,6290.0,6343.15,180.0,NESTLE,Consumer
2020-08-11,6500.0,6500.0,6301.0,6302.75,160.0,NESTLE,Consumer
2020-08-12,6464.99,6464.99,6300.0,6307.2,460.0,NESTLE,Consumer
2020-08-13,6300.0,6300.0,6299.94,6300.0,100.0,NESTLE,Consumer
2020-08-18,6300.0,6396.0,6300.0,6310.0,300.0,NESTLE,Consumer
2020-08-19,6350.0,6350.0,6290.0,6290.0,360.0,NESTLE,Consumer
2020-08-20,6200.0,6250.0,6190.0,6210.0,200.0,NESTLE,Consumer
2020-08-21,6161.0,6400.0,6150.0,6150.01,100.0,NESTLE,Consumer
2020-08-24,6050.0,6289.99,6050.0,6100.0,120.0,NESTLE,Consumer
2020-08-25,6198.99,6290.0,6198.99,6226.67,280.0,NESTLE,Consumer
2020-08-26,6215.0,6215.0,6000.0,6006.0,2160.0,NESTLE,Consumer
2020-08-27,6149.99,6150.0,6070.0,6070.0,280.0,NESTLE,Consumer
2020-08-28,6070.0,6070.0,6000.0,6000.0,440.0,NESTLE,Consumer
2020-08-31,6050.0,6072.0,6010.05,6068.33,580.0,NESTLE,Consumer
2020-09-01,6000.0,6159.0,6000.0,6144.5,640.0,NESTLE,Consumer
2020-09-02,6200.0,6400.0,6200.0,6310.0,480.0,NESTLE,Consumer
2020-09-03,6440.0,6455.0,6375.0,6375.0,680.0,NESTLE,Consumer
2020-09-04,6300.0,6380.0,6250.0,6310.0,380.0,NESTLE,Consumer
2020-09-07,6300.0,6499.0,6300.0,6499.0,620.0,NESTLE,Consumer
2020-09-08,6500.0,6547.99,6400.0,6498.3,1920.0,NESTLE,Consumer
2020-09-09,6499.99,6595.0,6499.99,6582.0,960.0,NESTLE,Consumer
2020-09-10,6700.0,6997.0,6650.0,6976.0,560.0,NESTLE,Consumer
2020-09-11,6650.01,6650.01,6650.01,6650.01,20.0,NESTLE,Consumer
2020-09-14,6660.0,6900.0,6660.0,6787.0,220.0,NESTLE,Consumer
2020-09-15,6898.03,7010.0,6898.03,7000.0,1120.0,NESTLE,Consumer
2020-09-17,7000.0,7000.0,6881.01,6881.01,340.0,NESTLE,Consumer
2020-09-18,6781.0,7000.0,6781.0,6993.33,1020.0,NESTLE,Consumer
2020-09-21,6925.0,6950.0,6900.0,6900.0,100.0,NESTLE,Consumer
2020-09-22,6920.0,6920.0,6920.0,6920.0,880.0,NESTLE,Consumer
2020-09-23,6781.01,6890.0,6781.0,6890.0,140.0,NESTLE,Consumer
2020-09-24,6800.03,6800.03,6611.25,6611.25,280.0,NESTLE,Consumer
2020-09-25,6790.0,6790.0,6790.0,6790.0,280.0,NESTLE,Consumer
2020-09-29,6799.99,6799.99,6700.0,6700.0,40.0,NESTLE,Consumer
2020-09-30,6700.0,6700.0,6600.0,6600.0,120.0,NESTLE,Consumer
2020-10-01,6700.0,6700.0,6700.0,6700.0,180.0,NESTLE,Consumer
2020-10-02,6800.0,6800.0,6600.01,6690.01,80.0,NESTLE,Consumer
2020-10-05,6899.0,6899.0,6600.0,6600.0,160.0,NESTLE,Consumer
2020-10-06,6410.0,6535.0,6410.0,6517.5,80.0,NESTLE,Consumer
2020-10-08,6600.0,6600.0,6600.0,6600.0,320.0,NESTLE,Consumer
2020-10-09,6600.0,6600.0,6500.01,6510.0,160.0,NESTLE,Consumer
2020-10-12,6599.99,6600.0,6482.0,6497.75,220.0,NESTLE,Consumer
2020-10-13,6250.0,6415.5,6250.0,6400.0,160.0,NESTLE,Consumer
2020-10-14,6400.0,6400.0,6400.0,6400.0,200.0,NESTLE,Consumer
2020-10-15,6599.0,6600.0,6599.0,6600.0,60.0,NESTLE,Consumer
2020-10-16,6500.0,6500.0,6425.0,6425.0,180.0,NESTLE,Consumer
2020-10-20,6400.0,6400.0,6400.0,6400.0,140.0,NESTLE,Consumer
2020-10-21,6450.0,6500.0,6401.0,6450.0,300.0,NESTLE,Consumer
2020-10-22,6450.0,6450.0,6400.0,6450.0,400.0,NESTLE,Consumer
2020-10-23,6500.0,6610.0,6500.0,6500.0,300.0,NESTLE,Consumer
2020-10-26,6500.0,6525.0,6400.01,6425.31,120.0,NESTLE,Consumer
2020-10-27,6450.0,6450.0,6410.0,6440.0,280.0,NESTLE,Consumer
2020-10-28,6549.99,6550.0,6453.81,6463.81,860.0,NESTLE,Consumer
2020-10-29,6450.0,6450.0,6350.0,6399.8,820.0,NESTLE,Consumer
2020-11-02,6250.01,6350.99,6250.01,6300.0,660.0,NESTLE,Consumer
2020-11-03,6350.0,6400.0,6300.0,6338.87,1720.0,NESTLE,Consumer
2020-11-04,6350.05,6498.97,6251.0,6261.31,5620.0,NESTLE,Consumer
2020-11-05,6250.0,6350.0,6250.0,6350.0,820.0,NESTLE,Consumer
2020-11-06,6300.0,6348.89,6285.12,6299.99,420.0,NESTLE,Consumer
2020-11-09,6300.0,6319.99,6200.0,6233.81,1200.0,NESTLE,Consumer
2020-11-10,6220.3,6349.99,6220.0,6300.0,480.0,NESTLE,Consumer
2020-11-11,6300.01,6333.12,6300.01,6333.12,100.0,NESTLE,Consumer
2020-11-12,6329.89,6335.12,6329.89,6330.0,240.0,NESTLE,Consumer
2020-11-13,6337.12,6400.0,6337.12,6400.0,480.0,NESTLE,Consumer
2020-11-16,6400.0,6415.0,6400.0,6400.01,140.0,NESTLE,Consumer
2020-11-17,6489.0,6489.0,6489.0,6489.0,20.0,NESTLE,Consumer
2020-11-18,6400.01,6469.99,6400.0,6469.99,120.0,NESTLE,Consumer
2020-11-19,6450.0,6550.0,6450.0,6522.25,360.0,NESTLE,Consumer
2020-11-20,6505.0,6505.0,6500.0,6500.0,700.0,NESTLE,Consumer
2020-11-23,6400.0,6550.0,6400.0,6550.0,440.0,NESTLE,Consumer
2020-11-24,6515.0,6515.0,6500.0,6500.0,180.0,NESTLE,Consumer
2020-11-25,6500.0,6505.0,6500.0,6503.0,100.0,NESTLE,Consumer
2020-11-26,6650.0,6650.0,6500.0,6500.67,80.0,NESTLE,Consumer
2020-11-27,6500.0,6549.99,6500.0,6530.0,2200.0,NESTLE,Consumer
2020-11-30,6589.99,6589.99,6589.99,6589.99,20.0,NESTLE,Consumer
2020-12-01,6789.0,6789.0,6500.0,6500.0,380.0,NESTLE,Consumer
2020-12-02,6549.0,6550.0,6549.0,6550.0,40.0,NESTLE,Consumer
2020-12-03,6999.99,6999.99,6550.0,6560.25,220.0,NESTLE,Consumer
2020-12-04,6650.0,6650.0,6550.1,6585.05,160.0,NESTLE,Consumer
2020-12-07,6749.0,6750.0,6725.0,6750.0,60.0,NESTLE,Consumer
2020-12-08,6510.01,6635.0,6510.01,6600.0,200.0,NESTLE,Consumer
2020-12-09,6749.99,6750.0,6749.99,6750.0,100.0,NESTLE,Consumer
2020-12-10,6800.0,6800.0,6725.0,6725.0,60.0,NESTLE,Consumer
2020-12-11,6819.95,6819.95,6819.0,6819.48,40.0,NESTLE,Consumer
2020-12-14,0.0,6700.0,6700.0,6819.48,100.0,NESTLE,Consumer
2020-12-15,6930.0,6930.0,6930.0,6930.0,60.0,NESTLE,Consumer
2020-12-17,6890.0,6900.0,6890.0,6900.0,140.0,NESTLE,Consumer
2020-12-21,6900.0,6900.0,6735.0,6735.0,60.0,NESTLE,Consumer
2020-12-22,6800.0,6800.0,6700.0,6700.0,60.0,NESTLE,Consumer
2020-12-23,6700.0,6700.0,6625.0,6637.5,140.0,NESTLE,Consumer
2020-12-24,6650.0,6650.0,6600.0,6600.0,220.0,NESTLE,Consumer
2020-12-29,6600.0,6750.0,6600.0,6619.0,100.0,NESTLE,Consumer
2020-12-30,6699.0,6845.0,6699.0,6845.0,80.0,NESTLE,Consumer
2020-12-31,6665.01,6665.01,6665.01,6665.01,20.0,NESTLE,Consumer
2021-01-01,6670.0,6674.99,6503.11,6627.5,140.0,NESTLE,Consumer
2021-01-04,6750.0,6750.0,6700.0,6700.0,80.0,NESTLE,Consumer
2021-01-08,6800.0,6838.0,6702.11,6807.09,360.0,NESTLE,Consumer
2021-01-11,6800.0,6800.0,6700.0,6770.0,640.0,NESTLE,Consumer
2021-01-12,6683.0,6683.0,6631.5,6660.4,100.0,NESTLE,Consumer
2021-01-13,6797.0,6800.0,6685.0,6735.0,580.0,NESTLE,Consumer
2021-01-14,6700.0,6700.0,6605.0,6630.63,160.0,NESTLE,Consumer
2021-01-15,6581.0,6613.81,6581.0,6613.81,40.0,NESTLE,Consumer
2021-01-18,6879.99,6879.99,6455.01,6455.01,60.0,NESTLE,Consumer
2021-01-19,6610.0,6610.0,6600.01,6600.01,40.0,NESTLE,Consumer
2021-01-20,6600.0,6600.0,6600.0,6600.0,20.0,NESTLE,Consumer
2021-01-22,6620.0,6620.0,6575.0,6575.0,80.0,NESTLE,Consumer
2021-01-25,6502.0,6523.99,6400.0,6420.0,520.0,NESTLE,Consumer
2021-01-26,6413.81,6470.0,6400.0,6470.0,220.0,NESTLE,Consumer
2021-01-27,6519.45,6520.0,6500.0,6500.0,60.0,NESTLE,Consumer
2021-01-29,6979.0,6987.5,6450.0,6470.0,360.0,NESTLE,Consumer
2021-02-01,6500.0,6500.0,6475.0,6475.17,160.0,NESTLE,Consumer
2021-02-02,6500.0,6500.0,6475.17,6479.43,300.0,NESTLE,Consumer
2021-02-03,6475.0,6494.9,6465.0,6472.0,120.0,NESTLE,Consumer
2021-02-04,6000.01,6488.31,6000.01,6475.0,220.0,NESTLE,Consumer
2021-02-08,6500.0,6500.0,6400.04,6440.83,460.0,NESTLE,Consumer
2021-02-09,6410.0,6410.0,6294.99,6298.33,1500.0,NESTLE,Consumer
2021-02-10,6300.0,6300.0,6298.99,6300.0,280.0,NESTLE,Consumer
2021-02-11,6300.0,6300.0,6220.0,6220.0,140.0,NESTLE,Consumer
2021-02-12,6250.0,6250.0,6200.01,6204.25,240.0,NESTLE,Consumer
2021-02-15,6220.0,6249.99,6200.0,6201.0,220.0,NESTLE,Consumer
2021-02-16,6300.0,6300.0,6200.0,6209.93,1020.0,NESTLE,Consumer
2021-02-17,6111.06,6200.0,6111.06,6200.0,340.0,NESTLE,Consumer
2021-02-18,6200.0,6200.0,6121.55,6121.55,180.0,NESTLE,Consumer
2021-02-19,6198.99,6200.0,6198.99,6200.0,160.0,NESTLE,Consumer
2021-02-22,6120.06,6120.06,6120.06,6120.06,20.0,NESTLE,Consumer
2021-02-23,6120.0,6149.0,6120.0,6133.75,400.0,NESTLE,Consumer
2021-02-24,6150.0,6150.0,6150.0,6150.0,20.0,NESTLE,Consumer
2021-02-25,6194.99,6250.0,6194.0,6204.62,880.0,NESTLE,Consumer
2021-02-26,6110.01,6199.0,6100.0,6126.67,520.0,NESTLE,Consumer
2021-03-01,6103.81,6103.81,6101.0,6101.0,60.0,NESTLE,Consumer
2021-03-02,6100.0,6101.0,6100.0,6101.0,140.0,NESTLE,Consumer
2021-03-03,6080.0,6089.99,6080.0,6084.0,160.0,NESTLE,Consumer
2021-03-04,6099.0,6100.0,6099.0,6100.0,100.0,NESTLE,Consumer
2021-03-05,6070.0,6081.0,6070.0,6081.0,40.0,NESTLE,Consumer
2021-03-08,6075.0,6100.0,6075.0,6090.0,60.0,NESTLE,Consumer
2021-03-09,6015.01,6015.01,5925.0,5926.67,180.0,NESTLE,Consumer
2021-03-10,5950.0,5950.0,5900.0,5948.0,80.0,NESTLE,Consumer
2021-03-11,5900.0,5900.0,5701.0,5710.5,120.0,NESTLE,Consumer
2021-03-12,5750.0,5750.0,5700.0,5750.0,620.0,NESTLE,Consumer
2021-03-15,6048.97,6050.0,6000.0,6036.25,220.0,NESTLE,Consumer
2021-03-16,6000.0,6000.0,5900.0,5900.0,260.0,NESTLE,Consumer
2021-03-17,5950.0,5950.0,5950.0,5950.0,60.0,NESTLE,Consumer
2021-03-18,6000.0,6199.0,6000.0,6000.0,180.0,NESTLE,Consumer
2021-03-19,6199.0,6199.0,5855.0,5855.0,160.0,NESTLE,Consumer
2021-03-22,5988.99,5988.99,5948.45,5948.45,60.0,NESTLE,Consumer
2021-03-24,5950.0,5950.0,5950.0,5950.0,60.0,NESTLE,Consumer
2021-03-25,5950.0,6000.0,5950.0,5997.5,680.0,NESTLE,Consumer
2021-03-26,5900.0,5940.0,5811.03,5940.0,160.0,NESTLE,Consumer
2021-03-29,5838.1,5850.0,5838.1,5847.5,100.0,NESTLE,Consumer
2021-03-30,5950.0,5950.0,5849.99,5850.0,620.0,NESTLE,Consumer
2021-03-31,5850.0,5850.0,5849.9,5849.9,100.0,NESTLE,Consumer
2021-04-01,5849.99,5850.0,5849.99,5850.0,140.0,NESTLE,Consumer
2021-04-02,5900.0,5900.0,5900.0,5900.0,20.0,NESTLE,Consumer
2021-04-05,5760.01,5850.0,5760.01,5850.0,140.0,NESTLE,Consumer
2021-04-06,5850.0,5850.0,5850.0,5850.0,140.0,NESTLE,Consumer
2021-04-07,5850.0,5850.0,5810.0,5810.0,100.0,NESTLE,Consumer
2021-04-08,5850.0,5850.0,5800.0,5800.0,240.0,NESTLE,Consumer
2021-04-09,5849.0,5849.0,5849.0,5849.0,20.0,NESTLE,Consumer
2021-04-12,5849.0,5855.0,5820.0,5820.0,500.0,NESTLE,Consumer
2021-04-13,5850.0,5860.0,5850.0,5850.0,720.0,NESTLE,Consumer
2021-04-14,5850.0,5855.0,5810.0,5810.0,700.0,NESTLE,Consumer
2021-04-15,5849.9,5855.0,5849.9,5851.49,220.0,NESTLE,Consumer
2021-04-16,5760.0,5835.0,5760.0,5766.82,220.0,NESTLE,Consumer
2021-04-19,5750.0,5750.0,5710.0,5710.0,60.0,NESTLE,Consumer
2021-04-20,5819.99,5819.99,5799.89,5800.0,100.0,NESTLE,Consumer
2021-04-21,5710.01,5726.01,5710.01,5726.01,40.0,NESTLE,Consumer
2021-04-22,5710.0,5710.0,5707.0,5708.5,80.0,NESTLE,Consumer
2021-04-23,5700.0,5710.0,5700.0,5710.0,60.0,NESTLE,Consumer
2021-04-26,5798.99,5798.99,5700.0,5750.0,200.0,NESTLE,Consumer
2021-04-27,5750.0,5900.0,5750.0,5840.5,480.0,NESTLE,Consumer
2021-04-28,5900.0,5900.0,5755.0,5765.0,300.0,NESTLE,Consumer
2021-04-29,5755.0,5755.0,5755.0,5755.0,40.0,NESTLE,Consumer
2021-04-30,5740.0,5740.0,5735.0,5738.5,60.0,NESTLE,Consumer
2021-05-03,5725.0,5725.0,5725.0,5725.0,20.0,NESTLE,Consumer
2021-05-04,5699.99,5699.99,5600.0,5610.0,500.0,NESTLE,Consumer
2021-05-05,5600.02,5640.0,5600.0,5600.0,160.0,NESTLE,Consumer
2021-05-17,5679.98,5679.98,5599.99,5600.0,580.0,NESTLE,Consumer
2021-05-18,5595.0,5600.0,5595.0,5600.0,280.0,NESTLE,Consumer
2021-05-19,5550.0,5551.0,5520.01,5550.0,200.0,NESTLE,Consumer
2021-05-20,5600.0,5600.0,5550.0,5550.33,340.0,NESTLE,Consumer
2021-05-21,5550.01,5800.0,5550.0,5798.0,3020.0,NESTLE,Consumer
2021-05-24,5898.0,5898.0,5750.0,5760.75,160.0,NESTLE,Consumer
2021-05-25,5800.0,5800.0,5750.0,5750.0,140.0,NESTLE,Consumer
2021-05-26,5700.0,5749.99,5650.0,5745.0,140.0,NESTLE,Consumer
2021-05-27,5678.1,5678.1,5678.1,5678.1,20.0,NESTLE,Consumer
2021-05-31,5680.0,5750.0,5650.0,5682.5,340.0,NESTLE,Consumer
2021-06-01,5700.01,5720.0,5656.0,5700.0,660.0,NESTLE,Consumer
2021-06-02,5700.0,5700.0,5500.0,5586.33,1020.0,NESTLE,Consumer
2021-06-03,5600.0,5700.0,5600.0,5688.84,440.0,NESTLE,Consumer
2021-06-04,5702.0,5978.0,5675.0,5715.31,420.0,NESTLE,Consumer
2021-06-07,5889.03,5950.0,5690.0,5706.67,1180.0,NESTLE,Consumer
2021-06-08,5700.0,5800.0,5700.0,5776.19,480.0,NESTLE,Consumer
2021-06-09,5750.0,5750.0,5715.12,5715.12,60.0,NESTLE,Consumer
2021-06-10,5895.99,5895.99,5750.0,5800.0,260.0,NESTLE,Consumer
2021-06-11,5750.0,5800.0,5750.0,5799.5,180.0,NESTLE,Consumer
2021-06-14,5801.0,5801.0,5780.0,5799.0,120.0,NESTLE,Consumer
2021-06-15,5725.0,5790.0,5725.0,5730.01,80.0,NESTLE,Consumer
2021-06-16,5799.99,5800.0,5725.0,5750.0,160.0,NESTLE,Consumer
2021-06-17,5794.99,5795.0,5780.0,5780.0,100.0,NESTLE,Consumer
2021-06-18,5750.0,5780.0,5750.0,5750.0,100.0,NESTLE,Consumer
2021-06-21,5750.0,5750.0,5750.0,5750.0,40.0,NESTLE,Consumer
2021-06-22,5750.0,5760.0,5740.0,5760.0,60.0,NESTLE,Consumer
2021-06-23,5750.0,5750.0,5750.0,5750.0,120.0,NESTLE,Consumer
2021-06-24,5750.0,5775.0,5750.0,5760.0,60.0,NESTLE,Consumer
2021-06-25,5790.0,5890.0,5790.0,5815.0,340.0,NESTLE,Consumer
2021-06-28,5799.0,5800.0,5789.0,5794.75,260.0,NESTLE,Consumer
2021-06-29,5800.0,5800.0,5800.0,5800.0,20.0,NESTLE,Consumer
2021-07-01,5898.0,5898.0,5895.0,5895.0,40.0,NESTLE,Consumer
2021-07-06,5820.0,5820.0,5820.0,5820.0,20.0,NESTLE,Consumer
2021-07-08,5830.0,5990.0,5800.0,5990.0,200.0,NESTLE,Consumer
2021-07-09,5700.01,6090.0,5700.01,6090.0,40.0,NESTLE,Consumer
2021-07-12,5875.0,5875.0,5875.0,5875.0,20.0,NESTLE,Consumer
2021-07-13,6225.0,6225.0,5815.0,5815.01,140.0,NESTLE,Consumer
2021-07-16,5820.0,5900.0,5820.0,5900.0,80.0,NESTLE,Consumer
2021-07-19,5898.0,5898.0,5890.0,5890.0,40.0,NESTLE,Consumer
2021-07-23,5880.0,5980.0,5880.0,5960.0,260.0,NESTLE,Consumer
2021-07-26,5900.0,5975.0,5900.0,5945.83,480.0,NESTLE,Consumer
2021-07-27,6000.0,6000.0,5960.0,5961.0,140.0,NESTLE,Consumer
2021-07-28,5750.01,6000.0,5750.01,5950.0,120.0,NESTLE,Consumer
2021-07-29,6000.0,6090.0,5915.0,5927.0,300.0,NESTLE,Consumer
2021-07-30,5900.0,5999.99,5900.0,5900.0,160.0,NESTLE,Consumer
2021-08-02,5998.99,6000.0,5900.0,5910.0,160.0,NESTLE,Consumer
2021-08-03,5999.0,5999.0,5787.0,5878.54,300.0,NESTLE,Consumer
2021-08-04,5999.99,6088.0,5999.0,6050.0,300.0,NESTLE,Consumer
2021-08-05,6000.0,6249.99,5912.2,5983.18,260.0,NESTLE,Consumer
2021-08-06,6000.0,6000.0,5950.0,5955.0,120.0,NESTLE,Consumer
2021-08-09,6189.5,6189.5,6000.0,6000.0,40.0,NESTLE,Consumer
2021-08-10,5989.0,5989.0,5985.0,5985.0,40.0,NESTLE,Consumer
2021-08-11,5850.0,5900.0,5850.0,5850.0,280.0,NESTLE,Consumer
2021-08-12,5900.0,5900.0,5850.0,5850.0,60.0,NESTLE,Consumer
2021-08-13,5980.0,5980.0,5850.0,5851.0,140.0,NESTLE,Consumer
2021-08-16,5760.01,5760.01,5760.01,5760.01,20.0,NESTLE,Consumer
2021-08-17,5760.0,5760.0,5760.0,5760.0,40.0,NESTLE,Consumer
2021-08-20,5680.0,5698.99,5600.0,5637.83,320.0,NESTLE,Consumer
2021-08-23,5880.0,5880.0,5700.0,5700.0,620.0,NESTLE,Consumer
2021-08-24,5700.0,5700.0,5681.0,5700.0,280.0,NESTLE,Consumer
2021-08-25,5699.99,5700.0,5699.99,5700.0,60.0,NESTLE,Consumer
2021-08-26,5650.07,5650.07,5650.0,5650.0,60.0,NESTLE,Consumer
2021-08-27,5610.0,5649.0,5600.0,5600.0,4160.0,NESTLE,Consumer
2021-08-30,5565.0,5565.0,5565.0,5565.0,20.0,NESTLE,Consumer
2021-09-01,5750.0,5750.0,5650.0,5650.0,60.0,NESTLE,Consumer
2021-09-02,5675.0,5675.0,5650.0,5650.0,100.0,NESTLE,Consumer
2021-09-03,5625.0,5630.01,5625.0,5630.01,40.0,NESTLE,Consumer
2021-09-06,5555.1,5650.0,5555.1,5650.0,60.0,NESTLE,Consumer
2021-09-07,5710.0,6073.75,5710.0,6073.75,1340.0,NESTLE,Consumer
2021-09-08,6100.0,6300.0,6100.0,6164.5,580.0,NESTLE,Consumer
2021-09-09,6339.93,6449.0,6250.0,6295.0,740.0,NESTLE,Consumer
2021-09-10,6125.01,6400.0,6125.01,6353.2,380.0,NESTLE,Consumer
2021-09-13,6225.01,6400.0,6225.01,6400.0,420.0,NESTLE,Consumer
2021-09-14,6311.0,6349.99,6055.0,6155.01,460.0,NESTLE,Consumer
2021-09-15,6299.99,6300.0,6100.0,6100.5,380.0,NESTLE,Consumer
2021-09-16,6180.95,6180.95,5987.0,5987.0,360.0,NESTLE,Consumer
2021-09-17,5999.99,5999.99,5890.0,5910.0,120.0,NESTLE,Consumer
2021-09-20,5949.99,5949.99,5805.01,5805.01,140.0,NESTLE,Consumer
2021-09-21,5999.99,6000.0,5910.0,5910.0,320.0,NESTLE,Consumer
2021-09-22,5810.0,5885.0,5766.0,5800.0,420.0,NESTLE,Consumer
2021-09-24,5750.0,5750.0,5750.0,5750.0,80.0,NESTLE,Consumer
2021-09-27,5725.0,5775.0,5725.0,5762.5,60.0,NESTLE,Consumer
2021-09-28,5650.02,5750.0,5601.0,5745.94,360.0,NESTLE,Consumer
2021-09-29,5895.0,5895.0,5726.0,5727.67,140.0,NESTLE,Consumer
2021-09-30,5700.0,6157.24,5700.0,6035.8,420.0,NESTLE,Consumer
2021-10-01,5994.3,5995.0,5910.0,5910.0,60.0,NESTLE,Consumer
2021-10-05,5800.0,5950.0,5800.0,5908.33,960.0,NESTLE,Consumer
2021-10-06,5610.01,5900.0,5610.01,5900.0,180.0,NESTLE,Consumer
2021-10-07,5900.0,5940.0,5800.01,5918.75,220.0,NESTLE,Consumer
2021-10-08,6150.0,6200.0,6000.0,6001.5,100.0,NESTLE,Consumer
2021-10-11,5800.01,5805.0,5800.01,5805.0,60.0,NESTLE,Consumer
2021-10-12,5625.0,5799.99,5625.0,5780.0,140.0,NESTLE,Consumer
2021-10-13,5715.3,5725.45,5715.0,5715.0,60.0,NESTLE,Consumer
2021-10-14,5889.43,5900.0,5850.0,5850.0,240.0,NESTLE,Consumer
2021-10-15,5900.0,5900.0,5900.0,5900.0,60.0,NESTLE,Consumer
2021-10-20,5800.11,5800.11,5775.01,5775.01,40.0,NESTLE,Consumer
2021-10-21,5811.0,5811.0,5800.0,5800.0,100.0,NESTLE,Consumer
2021-10-22,5720.0,5720.0,5720.0,5720.0,20.0,NESTLE,Consumer
2021-10-25,0.0,0.0,0.0,5720.0,0.0,NESTLE,Consumer
2021-10-28,5899.99,5899.99,5875.0,5880.0,80.0,NESTLE,Consumer
2021-10-29,5800.0,5800.0,5800.0,5800.0,20.0,NESTLE,Consumer
2021-11-01,5900.0,5900.0,5900.0,5900.0,20.0,NESTLE,Consumer
2021-11-02,5998.11,6000.0,5998.11,6000.0,60.0,NESTLE,Consumer
2021-11-03,6000.0,6000.0,5855.0,5855.02,1020.0,NESTLE,Consumer
2021-11-04,5999.9,5999.9,5995.98,5995.98,160.0,NESTLE,Consumer
2021-11-05,5999.99,5999.99,5776.0,5870.0,120.0,NESTLE,Consumer
2021-11-08,5899.99,5899.99,5790.0,5850.0,60.0,NESTLE,Consumer
2021-11-09,5700.01,5725.01,5700.0,5725.0,80.0,NESTLE,Consumer
2021-11-10,5681.05,5726.0,5681.0,5696.02,80.0,NESTLE,Consumer
2021-11-11,5700.01,5798.99,5685.06,5685.06,100.0,NESTLE,Consumer
2021-11-12,5685.1,5799.99,5685.06,5700.0,3140.0,NESTLE,Consumer
2021-11-15,5700.0,5700.0,5700.0,5700.0,40.0,NESTLE,Consumer
2021-11-16,5700.0,5700.0,5700.0,5700.0,80.0,NESTLE,Consumer
2021-11-19,5700.0,5700.0,5700.0,5700.0,20.0,NESTLE,Consumer
2021-11-22,5700.0,5700.0,5700.0,5700.0,20.0,NESTLE,Consumer
2021-11-23,5560.01,5560.01,5560.01,5560.01,20.0,NESTLE,Consumer
2021-11-25,5602.0,5602.0,5601.99,5602.0,40.0,NESTLE,Consumer
2021-11-26,5501.0,5501.0,5500.0,5500.33,60.0,NESTLE,Consumer
2021-11-29,5580.0,5580.0,5500.0,5500.02,160.0,NESTLE,Consumer
2021-11-30,5510.0,5550.0,5250.0,5390.18,560.0,NESTLE,Consumer
2021-12-01,5474.99,5675.0,5465.0,5521.54,320.0,NESTLE,Consumer
2021-12-02,5350.0,5350.0,5350.0,5350.0,20.0,NESTLE,Consumer
2021-12-06,5360.0,5360.0,4948.75,5225.5,320.0,NESTLE,Consumer
2021-12-07,5443.99,5444.0,5201.0,5390.0,500.0,NESTLE,Consumer
2021-12-08,5300.0,5300.0,5250.0,5250.0,120.0,NESTLE,Consumer
2021-12-09,5299.0,5300.0,5299.0,5300.0,60.0,NESTLE,Consumer
2021-12-10,5689.99,5689.99,5689.99,5689.99,20.0,NESTLE,Consumer
2021-12-13,5400.0,5400.0,5280.0,5356.25,240.0,NESTLE,Consumer
2021-12-14,5439.99,5440.0,5439.99,5440.0,60.0,NESTLE,Consumer
2021-12-15,5460.0,5499.99,5460.0,5480.0,40.0,NESTLE,Consumer
2021-12-17,5450.0,5450.0,5450.0,5450.0,40.0,NESTLE,Consumer
2021-12-21,5200.01,5399.99,5165.0,5389.0,320.0,NESTLE,Consumer
2021-12-22,5792.0,5792.0,5380.0,5585.0,100.0,NESTLE,Consumer
2021-12-24,5780.0,5780.0,5670.0,5670.0,60.0,NESTLE,Consumer
2021-12-27,5400.0,5400.0,5400.0,5400.0,20.0,NESTLE,Consumer
2021-12-28,5799.0,5799.0,5500.0,5500.0,80.0,NESTLE,Consumer
2021-12-29,5780.0,5780.0,5406.0,5450.0,80.0,NESTLE,Consumer
2021-12-30,5781.0,5781.0,5406.0,5422.51,100.0,NESTLE,Consumer
2021-12-31,5425.0,5829.0,5425.0,5725.49,260.0,NESTLE,Consumer
2022-01-05,5512.05,5512.05,5512.05,5512.05,20.0,NESTLE,Consumer
2022-01-06,5520.67,5550.0,5505.4,5550.0,120.0,NESTLE,Consumer
2022-01-11,5690.0,5740.0,5600.0,5690.0,120.0,NESTLE,Consumer
2022-01-12,5512.05,5512.05,5510.06,5510.06,120.0,NESTLE,Consumer
2022-01-13,5305.1,5510.06,5305.1,5400.0,100.0,NESTLE,Consumer
2022-01-14,5499.99,5525.0,5400.0,5524.25,400.0,NESTLE,Consumer
2022-01-17,5515.0,5515.0,5350.13,5410.0,320.0,NESTLE,Consumer
2022-01-18,5499.96,5500.0,5499.96,5500.0,200.0,NESTLE,Consumer
2022-01-20,5400.0,5400.0,5400.0,5400.0,80.0,NESTLE,Consumer
2022-01-21,5500.0,5500.0,5450.0,5450.0,80.0,NESTLE,Consumer
2022-01-26,5450.0,5450.0,5450.0,5450.0,20.0,NESTLE,Consumer
2022-01-28,5500.0,5600.0,5500.0,5600.0,80.0,NESTLE,Consumer
2022-02-01,5500.0,5750.0,5500.0,5708.33,420.0,NESTLE,Consumer
2022-02-04,5650.0,5650.0,5650.0,5650.0,20.0,NESTLE,Consumer
2022-02-08,5650.0,5650.0,5650.0,5650.0,20.0,NESTLE,Consumer
2022-02-09,5650.0,5650.0,5600.0,5650.0,100.0,NESTLE,Consumer
2022-02-10,5600.0,5600.0,5500.01,5500.01,40.0,NESTLE,Consumer
2022-02-11,5650.0,5650.0,5600.1,5600.1,80.0,NESTLE,Consumer
2022-02-16,5699.99,5700.0,5699.99,5700.0,60.0,NESTLE,Consumer
2022-02-17,5700.0,5700.0,5400.01,5650.0,380.0,NESTLE,Consumer
2022-02-18,5990.0,5990.0,5749.0,5749.0,100.0,NESTLE,Consumer
2022-02-21,5750.0,5785.0,5650.0,5751.0,160.0,NESTLE,Consumer
2022-02-22,5744.9,5744.9,5744.9,5744.9,20.0,NESTLE,Consumer
2022-02-23,5510.01,5600.0,5510.0,5600.0,200.0,NESTLE,Consumer
2022-02-24,5585.0,5590.0,5400.0,5400.0,280.0,NESTLE,Consumer
2022-03-01,5450.0,5550.0,5400.0,5500.0,140.0,NESTLE,Consumer
2022-03-02,5745.0,5745.0,5745.0,5745.0,40.0,NESTLE,Consumer
2022-03-03,5511.0,5545.0,5500.0,5540.0,240.0,NESTLE,Consumer
2022-03-08,5300.0,5400.0,5300.0,5400.0,260.0,NESTLE,Consumer
2022-03-09,5549.0,5549.0,5370.0,5370.0,1860.0,NESTLE,Consumer
2022-03-10,5500.0,5500.0,5450.0,5450.0,160.0,NESTLE,Consumer
2022-03-11,5450.0,5450.0,5450.0,5450.0,20.0,NESTLE,Consumer
2022-03-15,5490.0,5500.0,5256.02,5450.0,340.0,NESTLE,Consumer
2022-03-16,5490.0,5500.0,5402.0,5468.75,620.0,NESTLE,Consumer
2022-03-17,5600.0,5600.0,5600.0,5600.0,20.0,NESTLE,Consumer
2022-03-18,5640.0,5640.0,5640.0,5640.0,40.0,NESTLE,Consumer
2022-03-21,5500.0,5640.0,5500.0,5640.0,60.0,NESTLE,Consumer
2022-03-22,5411.01,5600.0,5411.0,5515.6,320.0,NESTLE,Consumer
2022-03-24,5500.0,5500.0,5500.0,5500.0,20.0,NESTLE,Consumer
2022-03-30,5500.0,5500.0,5410.0,5500.0,80.0,NESTLE,Consumer
2022-03-31,5698.0,5880.0,5698.0,5821.73,440.0,NESTLE,Consumer
2022-04-01,5892.02,5892.03,5892.02,5892.03,40.0,NESTLE,Consumer
2022-04-06,5600.0,5600.0,5456.01,5500.0,220.0,NESTLE,Consumer
2022-04-08,0.0,5500.0,5500.0,5500.0,200.0,NESTLE,Consumer
2022-04-11,5550.0,5599.0,5400.0,5490.94,300.0,NESTLE,Consumer
2022-04-12,5550.0,5560.0,5550.0,5555.0,120.0,NESTLE,Consumer
2022-04-13,5438.11,5450.0,5438.11,5445.0,140.0,NESTLE,Consumer
2022-04-14,5400.16,5549.99,5400.16,5549.99,180.0,NESTLE,Consumer
2022-04-15,5579.99,5579.99,5579.99,5579.99,20.0,NESTLE,Consumer
2022-04-19,5600.0,5600.0,5570.0,5582.8,120.0,NESTLE,Consumer
2022-04-20,5600.0,5600.0,5600.0,5600.0,1020.0,NESTLE,Consumer
2022-04-21,5599.99,5600.0,5501.0,5501.0,60.0,NESTLE,Consumer
2022-04-22,5699.99,5750.0,5501.0,5618.13,320.0,NESTLE,Consumer
2022-04-25,5700.0,5750.0,5700.0,5700.0,560.0,NESTLE,Consumer
2022-04-26,5799.99,5849.99,5790.0,5849.99,120.0,NESTLE,Consumer
2022-04-27,5999.99,6000.0,5800.01,5800.01,840.0,NESTLE,Consumer
2022-04-28,5700.0,5900.0,5700.0,5875.0,260.0,NESTLE,Consumer
2022-05-06,5800.0,5801.0,5800.0,5800.0,220.0,NESTLE,Consumer
2022-05-09,5800.0,5800.01,5700.0,5706.25,1540.0,NESTLE,Consumer
2022-05-10,5800.0,5810.0,5800.0,5800.01,700.0,NESTLE,Consumer
2022-05-11,5800.0,5800.0,5650.0,5750.0,680.0,NESTLE,Consumer
2022-05-12,5690.0,5695.0,5600.0,5615.84,160.0,NESTLE,Consumer
2022-05-13,5789.0,5789.0,5789.0,5789.0,20.0,NESTLE,Consumer
2022-05-16,5700.0,5795.0,5600.01,5699.44,720.0,NESTLE,Consumer
2022-05-17,5850.0,5850.0,5700.0,5701.0,140.0,NESTLE,Consumer
2022-05-18,5800.0,5800.0,5790.0,5790.0,40.0,NESTLE,Consumer
2022-05-19,5725.0,5830.0,5702.0,5799.99,900.0,NESTLE,Consumer
2022-05-20,5780.0,5780.0,5780.0,5780.0,20.0,NESTLE,Consumer
2022-05-23,5631.0,5780.0,5631.0,5779.99,340.0,NESTLE,Consumer
2022-05-24,5640.0,5780.0,5640.0,5780.0,360.0,NESTLE,Consumer
2022-05-25,5700.01,5779.9,5700.01,5779.9,520.0,NESTLE,Consumer
2022-05-26,5710.0,5779.0,5710.0,5775.0,260.0,NESTLE,Consumer
2022-05-27,5620.02,5795.0,5620.02,5775.0,220.0,NESTLE,Consumer
2022-05-30,5770.0,5795.0,5770.0,5773.41,1040.0,NESTLE,Consumer
2022-05-31,5700.0,5790.0,5700.0,5710.0,60.0,NESTLE,Consumer
2022-06-01,5780.0,5780.0,5780.0,5780.0,20.0,NESTLE,Consumer
2022-06-02,5675.0,5675.0,5675.0,5675.0,20.0,NESTLE,Consumer
2022-06-03,5620.01,5660.0,5620.01,5660.0,60.0,NESTLE,Consumer
2022-06-07,5650.02,5650.02,5650.02,5650.02,20.0,NESTLE,Consumer
2022-06-08,5700.0,5800.0,5700.0,5800.0,1120.0,NESTLE,Consumer
2022-06-09,5800.0,5825.0,5775.1,5775.1,140.0,NESTLE,Consumer
2022-06-10,0.0,5775.1,5775.1,5775.1,20.0,NESTLE,Consumer
2022-06-16,5800.0,5900.0,5800.0,5880.0,300.0,NESTLE,Consumer
2022-06-22,5880.0,5950.0,5850.15,5900.08,140.0,NESTLE,Consumer
2022-06-24,5700.0,5700.0,5700.0,5700.0,20.0,NESTLE,Consumer
2022-06-28,5990.0,5990.0,5990.0,5990.0,20.0,NESTLE,Consumer
2022-06-29,5800.0,5800.0,5800.0,5800.0,20.0,NESTLE,Consumer
2022-07-04,5800.0,5800.1,5800.0,5800.0,160.0,NESTLE,Consumer
2022-07-05,5660.0,5660.0,5660.0,5660.0,20.0,NESTLE,Consumer
2022-07-07,5850.0,5850.0,5850.0,5850.0,20.0,NESTLE,Consumer
2022-07-14,5900.0,6000.0,5900.0,6000.0,360.0,NESTLE,Consumer
2022-07-15,5800.01,5950.0,5800.01,5942.5,120.0,NESTLE,Consumer
2022-07-19,5850.0,5980.0,5850.0,5980.0,300.0,NESTLE,Consumer
2022-07-21,5900.0,5902.0,5900.0,5902.0,60.0,NESTLE,Consumer
2022-07-26,5990.0,6000.0,5990.0,5998.13,160.0,NESTLE,Consumer
2022-07-27,6000.0,6000.0,5850.0,5890.0,100.0,NESTLE,Consumer
2022-08-01,6300.0,6300.0,6200.0,6290.0,60.0,NESTLE,Consumer
2022-08-02,6000.0,6185.0,5900.0,5994.5,480.0,NESTLE,Consumer
2022-08-03,5994.5,6170.0,5994.5,6170.0,100.0,NESTLE,Consumer
2022-08-04,6199.99,6200.0,5966.01,6149.9,140.0,NESTLE,Consumer
2022-08-05,6100.0,6185.0,5994.9,6185.0,100.0,NESTLE,Consumer
2022-08-10,6050.02,6248.99,6050.02,6055.0,80.0,NESTLE,Consumer
2022-08-11,6199.0,6199.0,6100.0,6100.0,80.0,NESTLE,Consumer
2022-08-12,6240.0,6240.0,5900.0,5900.0,80.0,NESTLE,Consumer
2022-08-15,6050.0,6150.01,6050.0,6150.0,540.0,NESTLE,Consumer
2022-08-17,6000.0,6000.0,6000.0,6000.0,40.0,NESTLE,Consumer
2022-08-19,6140.0,6140.0,6000.0,6000.0,240.0,NESTLE,Consumer
2022-08-22,6100.0,6100.0,5955.0,5955.0,360.0,NESTLE,Consumer
2022-08-23,6100.0,6199.0,6100.0,6197.0,480.0,NESTLE,Consumer
2022-08-24,6025.0,6070.0,6025.0,6070.0,40.0,NESTLE,Consumer
2022-08-26,6481.0,6481.0,6081.0,6100.0,100.0,NESTLE,Consumer
2022-08-29,5800.0,5957.56,5770.05,5790.02,480.0,NESTLE,Consumer
2022-08-30,5790.02,5799.99,5790.02,5799.99,40.0,NESTLE,Consumer
2022-08-31,5736.01,5802.03,5736.01,5799.99,160.0,NESTLE,Consumer
2022-09-01,5780.0,5800.0,5711.0,5729.0,200.0,NESTLE,Consumer
2022-09-02,5638.13,5764.99,5620.0,5764.99,160.0,NESTLE,Consumer
2022-09-07,5760.0,5760.0,5760.0,5760.0,20.0,NESTLE,Consumer
2022-09-08,5760.0,5760.0,5760.0,5760.0,20.0,NESTLE,Consumer
2022-09-09,5760.0,5760.0,5760.0,5760.0,40.0,NESTLE,Consumer
2022-09-13,5760.0,5760.0,5760.0,5760.0,20.0,NESTLE,Consumer
2022-09-14,5700.0,5700.0,5700.0,5700.0,100.0,NESTLE,Consumer
2022-09-15,5700.0,5750.0,5660.0,5660.0,140.0,NESTLE,Consumer
2022-09-20,5650.0,5650.0,5650.0,5650.0,20.0,NESTLE,Consumer
2022-09-22,5650.0,5650.0,5650.0,5650.0,20.0,NESTLE,Consumer
2022-09-23,5705.0,5705.0,5705.0,5705.0,60.0,NESTLE,Consumer
2022-09-26,5700.0,5700.0,5600.0,5600.0,240.0,NESTLE,Consumer
2022-09-27,5700.0,5700.0,5700.0,5700.0,20.0,NESTLE,Consumer
2022-10-04,5700.0,5700.0,5700.0,5700.0,40.0,NESTLE,Consumer
2022-10-06,5581.0,5750.0,5500.0,5750.0,160.0,NESTLE,Consumer
2022-10-10,5869.0,5869.0,5775.0,5850.0,960.0,NESTLE,Consumer
2022-10-11,5800.0,5800.0,5780.0,5780.0,40.0,NESTLE,Consumer
2022-10-12,6000.0,6000.0,5980.0,5980.0,40.0,NESTLE,Consumer
2022-10-14,6000.0,6000.0,6000.0,6000.0,40.0,NESTLE,Consumer
2022-10-17,6000.0,6000.0,6000.0,6000.0,40.0,NESTLE,Consumer
2022-10-18,5850.0,5850.0,5850.0,5850.0,20.0,NESTLE,Consumer
2022-10-19,6000.0,6050.0,5920.0,6000.0,600.0,NESTLE,Consumer
2022-10-20,6200.0,6200.0,6000.0,6000.0,160.0,NESTLE,Consumer
2022-10-21,6000.0,6000.0,6000.0,6000.0,20.0,NESTLE,Consumer
2022-10-24,5999.99,6010.0,5999.99,6007.5,440.0,NESTLE,Consumer
2022-10-25,6150.0,6200.0,6010.0,6010.0,1280.0,NESTLE,Consumer
2022-10-27,5990.0,5990.0,5980.0,5980.0,40.0,NESTLE,Consumer
2022-10-28,5980.0,5980.0,5980.0,5980.0,20.0,NESTLE,Consumer
2022-10-31,5899.99,5899.99,5700.0,5700.0,60.0,NESTLE,Consumer
2022-11-01,5800.0,5800.0,5800.0,5800.0,20.0,NESTLE,Consumer
2022-11-02,5790.0,5790.0,5770.0,5770.0,40.0,NESTLE,Consumer
2022-11-03,5650.01,5650.01,5650.0,5650.0,80.0,NESTLE,Consumer
2022-11-07,5651.0,5651.0,5651.0,5651.0,20.0,NESTLE,Consumer
2022-11-11,5700.0,5900.0,5700.0,5900.0,60.0,NESTLE,Consumer
2022-11-15,5900.0,5900.0,5900.0,5900.0,20.0,NESTLE,Consumer
2022-11-16,0.0,5900.0,5900.0,5900.0,20.0,NESTLE,Consumer
2022-11-17,5760.0,5760.0,5755.0,5755.0,60.0,NESTLE,Consumer
2022-11-21,5799.0,5800.0,5799.0,5800.0,80.0,NESTLE,Consumer
2022-11-22,5800.0,5800.0,5800.0,5800.0,20.0,NESTLE,Consumer
2022-11-24,5950.0,5950.0,5750.0,5842.0,200.0,NESTLE,Consumer
2022-11-25,5850.0,5851.0,5700.0,5766.0,380.0,NESTLE,Consumer
2022-11-28,5850.0,5850.0,5850.0,5850.0,40.0,NESTLE,Consumer
2022-11-29,6260.0,6270.0,5900.0,5900.0,80.0,NESTLE,Consumer
2022-11-30,5800.01,5980.0,5720.0,5810.0,220.0,NESTLE,Consumer
2022-12-01,5760.0,5810.0,5760.0,5760.0,60.0,NESTLE,Consumer
2022-12-02,5750.0,5949.0,5725.0,5781.0,180.0,NESTLE,Consumer
2022-12-06,5781.0,5781.0,5781.0,5781.0,100.0,NESTLE,Consumer
2022-12-08,5383.0,5849.0,5383.0,5781.0,280.0,NESTLE,Consumer
2022-12-09,5700.0,5781.0,5700.0,5781.0,100.0,NESTLE,Consumer
2022-12-12,5400.29,5650.0,5400.29,5650.0,60.0,NESTLE,Consumer
2022-12-14,5230.1,5500.01,5230.1,5500.01,40.0,NESTLE,Consumer
2022-12-15,5201.01,5481.0,5201.01,5481.0,140.0,NESTLE,Consumer
2022-12-19,5600.0,5600.0,5325.55,5340.28,80.0,NESTLE,Consumer
2022-12-20,5220.0,5400.0,5220.0,5250.0,300.0,NESTLE,Consumer
2022-12-21,4900.1,5355.0,4900.1,5350.0,100.0,NESTLE,Consumer
2022-12-22,5250.1,5250.1,5250.1,5250.1,20.0,NESTLE,Consumer
2022-12-23,5491.0,5491.0,4865.0,4865.0,40.0,NESTLE,Consumer
2022-12-26,5199.99,5229.87,5199.99,5229.87,40.0,NESTLE,Consumer
2022-12-27,5600.0,5620.0,5285.1,5577.75,280.0,NESTLE,Consumer
2022-12-28,5813.0,5850.05,5415.0,5415.0,240.0,NESTLE,Consumer
2022-12-29,5400.0,5821.12,5400.0,5781.24,1180.0,NESTLE,Consumer
2022-12-30,5800.0,6000.0,5781.24,5870.0,380.0,NESTLE,Consumer
2023-01-02,5850.0,5850.0,5850.0,5850.0,20.0,NESTLE,Consumer
2023-01-04,5900.0,5900.0,5750.0,5750.0,100.0,NESTLE,Consumer
2023-01-05,5610.0,5610.0,5610.0,5610.0,20.0,NESTLE,Consumer
2023-01-06,5211.0,5400.1,5211.0,5400.1,40.0,NESTLE,Consumer
2023-01-09,5220.1,5600.0,5220.1,5600.0,40.0,NESTLE,Consumer
2023-01-10,5360.1,5700.0,5360.1,5600.1,80.0,NESTLE,Consumer
2023-01-12,5850.0,5850.0,5850.0,5850.0,20.0,NESTLE,Consumer
2023-01-13,5780.0,5780.0,5600.0,5650.0,320.0,NESTLE,Consumer
2023-01-16,5455.1,5455.1,5260.0,5399.0,180.0,NESTLE,Consumer
2023-01-17,5595.0,5595.0,5595.0,5595.0,20.0,NESTLE,Consumer
2023-01-18,5400.0,5420.0,5260.0,5308.0,220.0,NESTLE,Consumer
2023-01-19,5305.0,5308.0,5250.0,5260.0,380.0,NESTLE,Consumer
2023-01-20,5202.02,5340.0,5200.0,5310.0,120.0,NESTLE,Consumer
2023-01-23,5215.01,5215.1,5190.01,5190.01,80.0,NESTLE,Consumer
2023-01-24,4975.1,5250.0,4975.1,5190.0,360.0,NESTLE,Consumer
2023-01-25,5190.0,5499.83,5065.01,5213.0,180.0,NESTLE,Consumer
2023-01-26,5055.0,5324.99,5055.0,5324.99,260.0,NESTLE,Consumer
2023-01-27,5250.0,5280.0,5200.0,5280.0,60.0,NESTLE,Consumer
2023-01-30,5250.0,5250.0,5160.0,5160.0,260.0,NESTLE,Consumer
2023-01-31,5115.0,5299.99,5100.0,5275.0,520.0,NESTLE,Consumer
2023-02-01,5200.0,5205.01,5200.0,5205.01,40.0,NESTLE,Consumer
2023-02-02,5298.98,5320.0,5205.01,5300.0,160.0,NESTLE,Consumer
2023-02-03,5364.0,5364.0,5364.0,5364.0,20.0,NESTLE,Consumer
2023-02-06,5210.1,5299.99,5202.02,5299.99,300.0,NESTLE,Consumer
2023-02-07,5220.0,5338.99,5220.0,5338.99,160.0,NESTLE,Consumer
2023-02-08,5300.0,5315.0,5300.0,5315.0,40.0,NESTLE,Consumer
2023-02-09,5669.99,5669.99,5315.01,5534.99,100.0,NESTLE,Consumer
2023-02-10,5400.0,5525.0,5400.0,5441.67,260.0,NESTLE,Consumer
2023-02-13,5499.0,5800.0,5438.0,5450.0,180.0,NESTLE,Consumer
2023-02-14,5381.0,5499.0,5315.1,5399.0,260.0,NESTLE,Consumer
2023-02-15,5485.0,5485.0,5338.0,5354.95,100.0,NESTLE,Consumer
2023-02-16,5399.0,5399.0,5375.0,5381.05,100.0,NESTLE,Consumer
2023-02-20,5313.0,5399.0,5313.0,5399.0,60.0,NESTLE,Consumer
2023-02-22,5335.01,5335.01,5314.0,5314.0,80.0,NESTLE,Consumer
2023-02-23,5300.0,5300.0,5300.0,5300.0,260.0,NESTLE,Consumer
2023-02-27,5250.25,5320.0,5250.25,5300.0,60.0,NESTLE,Consumer
2023-02-28,5200.0,5240.0,5200.0,5240.0,60.0,NESTLE,Consumer
2023-03-01,5470.0,5470.0,5460.0,5464.0,80.0,NESTLE,Consumer
2023-03-02,5400.0,5400.0,5256.56,5299.78,5220.0,NESTLE,Consumer
2023-03-03,5290.0,5400.0,5290.0,5400.0,140.0,NESTLE,Consumer
2023-03-06,5445.0,5445.0,5266.02,5266.03,60.0,NESTLE,Consumer
2023-03-07,5265.0,5265.0,5265.0,5265.0,20.0,NESTLE,Consumer
2023-03-08,5495.0,5495.0,5495.0,5495.0,20.0,NESTLE,Consumer
2023-03-13,5478.0,5478.08,5355.0,5355.0,60.0,NESTLE,Consumer
2023-03-14,5355.01,5355.01,5290.0,5295.0,240.0,NESTLE,Consumer
2023-03-16,5115.0,5115.0,5115.0,5115.0,20.0,NESTLE,Consumer
2023-03-21,5490.0,5490.0,4752.0,5181.0,60.0,NESTLE,Consumer
2023-03-22,5201.01,5201.01,5000.15,5000.15,120.0,NESTLE,Consumer
2023-03-24,5299.99,5300.0,5100.1,5100.1,240.0,NESTLE,Consumer
2023-03-27,5000.1,5200.0,5000.1,5155.05,60.0,NESTLE,Consumer
2023-03-28,5300.0,5300.0,5200.1,5233.7,60.0,NESTLE,Consumer
2023-03-29,5102.0,5105.0,5102.0,5103.5,40.0,NESTLE,Consumer
2023-03-30,5125.0,5155.0,4855.0,4977.4,300.0,NESTLE,Consumer
2023-03-31,5280.0,5280.0,5015.0,5017.5,60.0,NESTLE,Consumer
2023-04-04,5390.9,5390.9,4887.1,5115.0,60.0,NESTLE,Consumer
2023-04-05,4950.1,5125.0,4950.1,5125.0,360.0,NESTLE,Consumer
2023-04-06,5200.0,5225.0,5030.0,5198.2,460.0,NESTLE,Consumer
2023-04-07,5198.2,5199.0,5005.0,5071.33,80.0,NESTLE,Consumer
2023-04-10,5385.0,5385.0,5023.2,5023.68,180.0,NESTLE,Consumer
2023-04-11,5050.01,5100.1,5050.01,5100.1,100.0,NESTLE,Consumer
2023-04-12,5005.1,5065.1,5005.1,5065.1,40.0,NESTLE,Consumer
2023-04-13,5125.0,5200.0,5101.0,5145.25,220.0,NESTLE,Consumer
2023-04-17,5200.0,5300.0,5200.0,5250.0,140.0,NESTLE,Consumer
2023-04-18,5300.0,5350.0,5250.0,5350.0,220.0,NESTLE,Consumer
2023-04-19,5200.0,5350.0,5110.0,5197.17,980.0,NESTLE,Consumer
2023-04-20,5298.07,5298.08,5200.0,5200.0,60.0,NESTLE,Consumer
2023-04-27,5200.1,5400.0,5200.0,5333.98,380.0,NESTLE,Consumer
2023-04-28,5300.0,5305.0,5271.0,5274.33,240.0,NESTLE,Consumer
2023-05-02,5280.0,5400.0,5230.0,5260.01,440.0,NESTLE,Consumer
2023-05-03,5300.0,5300.0,5260.01,5285.01,60.0,NESTLE,Consumer
2023-05-04,5681.0,5681.38,5420.0,5681.38,740.0,NESTLE,Consumer
2023-05-05,5650.0,5890.0,5650.0,5890.0,260.0,NESTLE,Consumer
2023-05-08,5700.0,5890.0,5450.2,5776.72,800.0,NESTLE,Consumer
2023-05-10,5750.0,5800.0,5750.0,5800.0,80.0,NESTLE,Consumer
2023-05-11,5790.0,5790.0,5700.0,5700.0,40.0,NESTLE,Consumer
2023-05-12,5800.0,5800.0,5800.0,5800.0,100.0,NESTLE,Consumer
2023-05-15,5799.9,5800.0,5799.9,5800.0,400.0,NESTLE,Consumer
2023-05-16,5800.0,5800.0,5799.99,5799.99,120.0,NESTLE,Consumer
2023-05-17,5799.99,6000.0,5799.99,5950.0,460.0,NESTLE,Consumer
2023-05-18,6000.0,6250.0,6000.0,6250.0,600.0,NESTLE,Consumer
2023-05-19,6200.0,6450.0,6200.0,6416.25,340.0,NESTLE,Consumer
2023-05-22,6416.25,6638.0,6300.0,6586.67,1060.0,NESTLE,Consumer
2023-05-23,6500.0,6501.01,6500.0,6500.0,180.0,NESTLE,Consumer
2023-05-24,6500.0,6750.0,6500.0,6700.0,320.0,NESTLE,Consumer
2023-05-25,6699.99,6800.0,6699.99,6700.0,360.0,NESTLE,Consumer
2023-05-26,6702.0,6702.0,6702.0,6702.0,40.0,NESTLE,Consumer
2023-05-29,6720.0,6720.0,6525.0,6560.0,300.0,NESTLE,Consumer
2023-05-30,6949.0,6949.0,6890.0,6890.0,40.0,NESTLE,Consumer
2023-06-01,6500.0,6551.0,6500.0,6540.0,320.0,NESTLE,Consumer
2023-06-05,6490.0,6490.0,6320.0,6489.98,60.0,NESTLE,Consumer
2023-06-07,6450.01,6500.0,6450.0,6500.0,380.0,NESTLE,Consumer
2023-06-08,6600.0,6600.0,6500.0,6600.0,100.0,NESTLE,Consumer
2023-06-09,6300.61,6450.0,6300.61,6450.0,40.0,NESTLE,Consumer
2023-06-12,6933.75,6933.75,6885.0,6890.0,180.0,NESTLE,Consumer
2023-06-14,6374.0,6550.0,6374.0,6550.0,140.0,NESTLE,Consumer
2023-06-16,0.0,0.0,0.0,6550.0,80.0,NESTLE,Consumer
2023-06-20,6550.0,6650.0,6550.0,6650.0,40.0,NESTLE,Consumer
2023-06-22,6255.0,6640.0,6255.0,6447.5,40.0,NESTLE,Consumer
2023-07-03,6411.01,6649.99,6411.01,6600.0,80.0,NESTLE,Consumer
2023-07-04,6400.35,6450.0,6400.0,6450.0,280.0,NESTLE,Consumer
2023-07-06,6455.0,6455.0,6455.0,6455.0,20.0,NESTLE,Consumer
2023-07-10,6336.01,6690.0,6336.01,6675.0,80.0,NESTLE,Consumer
2023-07-11,6574.0,6735.54,6425.11,6730.0,140.0,NESTLE,Consumer
2023-07-12,6700.0,6750.0,6700.0,6750.0,80.0,NESTLE,Consumer
2023-07-13,6501.01,6898.0,6501.0,6700.0,100.0,NESTLE,Consumer
2023-07-18,6511.01,6700.0,6500.0,6700.0,120.0,NESTLE,Consumer
2023-07-19,6800.0,6800.0,6799.0,6800.0,180.0,NESTLE,Consumer
2023-07-20,6780.0,6780.0,6700.0,6700.0,140.0,NESTLE,Consumer
2023-07-24,6900.0,6900.0,6800.0,6800.0,40.0,NESTLE,Consumer
2023-07-25,6800.0,6850.0,6800.0,6804.55,640.0,NESTLE,Consumer
2023-07-26,6802.0,6802.0,6800.0,6800.0,300.0,NESTLE,Consumer
2023-07-27,6600.0,6900.0,6600.0,6890.0,180.0,NESTLE,Consumer
2023-07-31,6995.0,7010.0,6855.0,6950.0,1180.0,NESTLE,Consumer
2023-08-01,6999.0,7010.0,6950.0,7000.0,2180.0,NESTLE,Consumer
2023-08-02,7000.0,7200.0,6999.99,7150.0,3120.0,NESTLE,Consumer
2023-08-03,7100.01,7160.0,7070.0,7070.0,420.0,NESTLE,Consumer
2023-08-04,7070.0,7100.0,7070.0,7099.33,160.0,NESTLE,Consumer
2023-08-07,7100.0,7100.0,6900.0,7070.0,180.0,NESTLE,Consumer
2023-08-08,7000.0,7001.0,6999.99,6999.99,1520.0,NESTLE,Consumer
2023-08-09,7000.0,7000.5,6999.0,6999.97,560.0,NESTLE,Consumer
2023-08-10,7099.0,7100.0,7010.0,7095.15,2300.0,NESTLE,Consumer
2023-08-11,7180.0,7200.0,7180.0,7181.0,500.0,NESTLE,Consumer
2023-08-15,7200.0,7300.0,7200.0,7299.0,1040.0,NESTLE,Consumer
2023-08-16,7300.0,7300.01,7300.0,7300.0,120.0,NESTLE,Consumer
2023-08-17,7300.01,7400.0,7300.0,7300.0,940.0,NESTLE,Consumer
2023-08-18,7300.0,7400.0,7300.0,7400.0,1120.0,NESTLE,Consumer
2023-08-21,7200.0,7200.0,7200.0,7200.0,360.0,NESTLE,Consumer
2023-08-22,7010.01,7200.0,7010.01,7200.0,320.0,NESTLE,Consumer
2023-08-24,7150.0,7150.0,7000.0,7097.83,480.0,NESTLE,Consumer
2023-08-25,7100.0,7150.0,7100.0,7100.0,120.0,NESTLE,Consumer
2023-08-30,7100.01,7100.01,7098.99,7099.38,1460.0,NESTLE,Consumer
2023-08-31,7100.0,7100.0,6911.0,6911.0,2720.0,NESTLE,Consumer
2023-09-01,7000.0,7000.0,7000.0,7000.0,1360.0,NESTLE,Consumer
2023-09-04,7000.0,7000.0,7000.0,7000.0,20.0,NESTLE,Consumer
2023-09-05,7000.0,7000.0,7000.0,7000.0,40.0,NESTLE,Consumer
2023-09-06,7000.0,7000.0,7000.0,7000.0,440.0,NESTLE,Consumer
2023-09-08,7100.0,7100.0,7100.0,7100.0,580.0,NESTLE,Consumer
2023-09-11,6725.0,7100.0,6700.11,7100.0,580.0,NESTLE,Consumer
2023-09-13,7100.0,7100.0,7100.0,7100.0,20.0,NESTLE,Consumer
2023-09-14,7015.0,7015.0,7015.0,7015.0,200.0,NESTLE,Consumer
2023-09-15,6900.01,7090.0,6900.0,7022.5,700.0,NESTLE,Consumer
2023-09-18,7000.0,7000.0,7000.0,7000.0,20.0,NESTLE,Consumer
2023-09-19,7099.0,7100.0,7099.0,7100.0,460.0,NESTLE,Consumer
2023-09-20,6980.0,7100.0,6980.0,7093.67,140.0,NESTLE,Consumer
2023-09-21,7100.0,7100.0,7090.0,7090.0,100.0,NESTLE,Consumer
2023-09-22,7000.0,7000.0,7000.0,7000.0,460.0,NESTLE,Consumer
2023-09-25,0.0,0.0,0.0,7000.0,1500.0,NESTLE,Consumer
2023-09-26,7190.0,7190.0,7190.0,7190.0,20.0,NESTLE,Consumer
2023-09-27,7099.5,7200.0,7000.0,7142.79,420.0,NESTLE,Consumer
2023-09-28,7100.0,7100.0,7100.0,7100.0,40.0,NESTLE,Consumer
2023-10-02,7100.0,7100.0,7100.0,7100.0,160.0,NESTLE,Consumer
2023-10-03,7100.0,7100.0,7100.0,7100.0,100.0,NESTLE,Consumer
2023-10-04,7100.0,7100.0,7100.0,7100.0,420.0,NESTLE,Consumer
2023-10-05,7070.0,7100.0,7070.0,7100.0,1100.0,NESTLE,Consumer
2023-10-06,7100.0,7100.0,7100.0,7100.0,20.0,NESTLE,Consumer
2023-10-09,0.0,0.0,0.0,7100.0,600.0,NESTLE,Consumer
2023-10-10,7100.0,7100.0,7000.0,7000.0,700.0,NESTLE,Consumer
2023-10-11,7099.0,7200.0,7090.0,7141.11,720.0,NESTLE,Consumer
2023-10-13,7198.0,7198.0,7198.0,7198.0,140.0,NESTLE,Consumer
2023-10-16,7200.0,7301.0,7200.0,7300.0,1080.0,NESTLE,Consumer
2023-10-17,7230.0,7350.0,7230.0,7312.41,1620.0,NESTLE,Consumer
2023-10-18,7350.0,7400.0,7300.0,7300.0,820.0,NESTLE,Consumer
2023-10-19,7313.81,7500.0,7300.0,7390.0,2560.0,NESTLE,Consumer
2023-10-20,7200.0,7200.0,7200.0,7200.0,20.0,NESTLE,Consumer
2023-10-23,7200.0,7200.0,7200.0,7200.0,40.0,NESTLE,Consumer
2023-10-24,7190.0,7299.99,7190.0,7200.0,320.0,NESTLE,Consumer
2023-10-25,7200.0,7300.0,7199.0,7300.0,840.0,NESTLE,Consumer
2023-10-26,7201.01,7299.99,7201.0,7299.99,60.0,NESTLE,Consumer
2023-10-27,7200.0,7200.0,7125.0,7125.0,120.0,NESTLE,Consumer
2023-10-30,7220.0,7220.0,7210.0,7210.0,120.0,NESTLE,Consumer
2023-11-01,7200.0,7200.0,7200.0,7200.0,680.0,NESTLE,Consumer
2023-11-02,7200.0,7200.0,7200.0,7200.0,20.0,NESTLE,Consumer
2023-11-03,7220.0,7300.0,7220.0,7300.0,220.0,NESTLE,Consumer
2023-11-06,7100.0,7300.0,7100.0,7300.0,380.0,NESTLE,Consumer
2023-11-07,7220.0,7300.0,7220.0,7300.0,40.0,NESTLE,Consumer
2023-11-08,7413.0,7413.0,7300.0,7300.0,220.0,NESTLE,Consumer
2023-11-10,7300.0,7300.0,7300.0,7300.0,220.0,NESTLE,Consumer
2023-11-13,7400.0,7847.5,7200.0,7847.5,1820.0,NESTLE,Consumer
2023-11-14,7850.0,8400.0,7850.0,8400.0,3620.0,NESTLE,Consumer
2023-11-15,8400.0,8400.0,8385.0,8400.0,340.0,NESTLE,Consumer
2023-11-16,8800.0,8800.0,8800.0,8800.0,20.0,NESTLE,Consumer
2023-11-17,8890.0,8890.0,8600.0,8600.0,80.0,NESTLE,Consumer
2023-11-20,8155.51,8501.0,8155.0,8500.0,680.0,NESTLE,Consumer
2023-11-21,8500.0,8500.0,8315.0,8500.0,200.0,NESTLE,Consumer
2023-11-22,8500.0,8550.0,8500.0,8550.0,1100.0,NESTLE,Consumer
2023-11-23,8250.0,8550.0,8250.0,8500.0,5440.0,NESTLE,Consumer
2023-11-24,8500.0,8600.0,8500.0,8567.5,600.0,NESTLE,Consumer
2023-11-27,8380.0,8450.0,8380.0,8450.0,60.0,NESTLE,Consumer
2023-11-28,8500.0,8500.0,8500.0,8500.0,200.0,NESTLE,Consumer
2023-11-29,8500.0,8500.0,8500.0,8500.0,80.0,NESTLE,Consumer
2023-11-30,8500.0,8500.0,8500.0,8500.0,40.0,NESTLE,Consumer
2023-12-04,8550.0,8620.0,8500.0,8600.01,100.0,NESTLE,Consumer
2023-12-06,8600.0,8700.0,8600.0,8700.0,220.0,NESTLE,Consumer
2023-12-07,8600.1,8700.0,8600.1,8699.98,120.0,NESTLE,Consumer
2023-12-08,8990.0,8990.0,8900.0,8900.0,80.0,NESTLE,Consumer
2023-12-11,8501.0,8550.0,8450.1,8550.0,60.0,NESTLE,Consumer
2023-12-12,8700.0,8700.0,8700.0,8700.0,20.0,NESTLE,Consumer
2023-12-13,8505.0,8506.0,8505.0,8506.0,60.0,NESTLE,Consumer
2023-12-14,8450.0,8500.0,8450.0,8500.0,40.0,NESTLE,Consumer
2023-12-19,8150.0,8160.0,7863.0,8100.0,900.0,NESTLE,Consumer
2023-12-21,8000.0,8000.0,7750.0,7906.0,240.0,NESTLE,Consumer
2023-12-26,7800.0,7800.0,7800.0,7800.0,60.0,NESTLE,Consumer
2023-12-27,7800.0,7800.0,7800.0,7800.0,20.0,NESTLE,Consumer
2023-12-28,8000.0,8000.0,8000.0,8000.0,20.0,NESTLE,Consumer
2023-12-29,7656.0,8300.0,7656.0,8203.0,340.0,NESTLE,Consumer
2024-01-02,8000.0,8200.0,8000.0,8200.0,120.0,NESTLE,Consumer
2024-01-05,8200.0,8400.0,8200.0,8400.0,120.0,NESTLE,Consumer
2024-01-08,8250.0,8250.0,8250.0,8250.0,20.0,NESTLE,Consumer
2024-01-09,8200.0,8200.0,8000.0,8200.0,360.0,NESTLE,Consumer
2024-01-10,8000.0,8250.0,8000.0,8200.0,360.0,NESTLE,Consumer
2024-01-12,8200.0,8200.0,8200.0,8200.0,300.0,NESTLE,Consumer
2024-01-15,8000.0,8000.0,8000.0,8000.0,100.0,NESTLE,Consumer
2024-01-16,8100.0,8200.0,8100.0,8200.0,320.0,NESTLE,Consumer
2024-01-18,8200.0,8200.0,8199.0,8200.0,140.0,NESTLE,Consumer
2024-01-19,8200.0,8200.0,8200.0,8200.0,40.0,NESTLE,Consumer
2024-01-22,8250.0,8350.0,8200.0,8270.0,120.0,NESTLE,Consumer
2024-01-23,8250.0,8450.0,8250.0,8350.0,60.0,NESTLE,Consumer
2024-01-24,8300.0,8300.0,8300.0,8300.0,20.0,NESTLE,Consumer
2024-01-26,8300.0,8300.0,8200.0,8300.0,100.0,NESTLE,Consumer
2024-01-31,8200.0,8200.0,8200.0,8200.0,120.0,NESTLE,Consumer
2024-02-02,8200.0,8200.1,8200.0,8200.0,540.0,NESTLE,Consumer
2024-02-06,8199.0,8200.0,8199.0,8200.0,1440.0,NESTLE,Consumer
2024-02-09,8200.0,8200.0,8200.0,8200.0,100.0,NESTLE,Consumer
2024-02-19,7850.0,8100.0,7850.0,7910.11,60.0,NESTLE,Consumer
2024-02-26,7725.0,7735.0,7560.0,7580.0,120.0,NESTLE,Consumer
2024-02-27,7012.0,7888.99,7012.0,7780.0,60.0,NESTLE,Consumer
2024-03-01,7870.0,7870.0,7870.0,7870.0,20.0,NESTLE,Consumer
2024-03-05,7700.0,7700.0,7655.0,7677.5,40.0,NESTLE,Consumer
2024-03-06,8100.0,8200.0,8100.0,8200.0,40.0,NESTLE,Consumer
2024-03-07,7980.0,7980.0,7700.0,7890.0,80.0,NESTLE,Consumer
2024-03-08,7625.0,8400.0,7625.0,8050.0,140.0,NESTLE,Consumer
2024-03-11,7640.11,7650.0,7451.07,7577.77,220.0,NESTLE,Consumer
2024-03-12,7500.01,7500.01,7480.0,7480.0,80.0,NESTLE,Consumer
2024-03-13,7980.0,7980.0,7430.88,7430.88,40.0,NESTLE,Consumer
2024-03-14,7500.0,7500.0,7500.0,7500.0,20.0,NESTLE,Consumer
2024-03-19,7000.3,7420.0,7000.3,7420.0,140.0,NESTLE,Consumer
2024-03-20,7510.0,7510.0,7510.0,7510.0,20.0,NESTLE,Consumer
2024-03-22,7210.11,7210.11,7200.0,7200.0,200.0,NESTLE,Consumer
2024-03-25,7300.0,7400.0,7300.0,7400.0,80.0,NESTLE,Consumer
2024-03-27,7400.0,7650.0,7400.0,7635.0,100.0,NESTLE,Consumer
2024-03-28,7889.0,7889.0,7600.0,7600.33,160.0,NESTLE,Consumer
2024-04-04,7400.0,7600.33,7400.0,7566.89,140.0,NESTLE,Consumer
2024-04-15,7501.0,7526.0,7501.0,7525.0,60.0,NESTLE,Consumer
2024-04-16,7525.0,7525.0,7525.0,7525.0,40.0,NESTLE,Consumer
2024-04-17,7600.0,7600.0,7600.0,7600.0,40.0,NESTLE,Consumer
2024-04-18,7600.0,7600.0,7400.0,7547.5,160.0,NESTLE,Consumer
2024-04-19,7400.0,7600.0,7400.0,7600.0,320.0,NESTLE,Consumer
2024-04-22,7599.0,7850.0,7599.0,7652.01,73.0,NESTLE,Consumer
2024-04-23,7698.0,7698.0,7600.0,7680.36,89.0,NESTLE,Consumer
2024-04-24,7610.0,7799.99,7610.0,7706.0,45.0,NESTLE,Consumer
2024-04-25,7700.0,7700.0,7690.0,7690.87,72.0,NESTLE,Consumer
2024-04-26,7836.96,7836.96,7700.0,7822.61,326.0,NESTLE,Consumer
2024-04-29,7303.01,7790.0,7303.01,7484.2,2260.0,NESTLE,Consumer
2024-04-30,7486.0,7619.0,7485.0,7485.0,172.0,NESTLE,Consumer
2024-05-02,7490.0,7490.0,7488.0,7485.0,3.0,NESTLE,Consumer
2024-05-03,7699.0,7699.0,7400.1,7585.11,260.0,NESTLE,Consumer
2024-05-06,7699.0,7699.0,7555.0,7560.0,1192.0,NESTLE,Consumer
2024-05-07,7561.0,7600.0,7400.11,7530.0,151.0,NESTLE,Consumer
2024-05-08,7412.0,7540.0,7400.0,7500.0,248.0,NESTLE,Consumer
2024-05-09,7500.0,7500.0,7500.0,7500.0,6.0,NESTLE,Consumer
2024-05-10,7497.0,7497.0,7450.0,7487.5,16.0,NESTLE,Consumer
2024-05-13,7524.11,7524.11,7300.0,7401.0,265.0,NESTLE,Consumer
2024-05-14,7450.0,7450.0,7301.0,7306.58,101.0,NESTLE,Consumer
2024-05-15,7399.99,7399.99,7300.0,7380.0,191.0,NESTLE,Consumer
2024-05-16,7380.0,7455.0,7214.0,7280.0,28.0,NESTLE,Consumer
2024-05-17,7440.0,7440.0,7428.0,7429.82,31.0,NESTLE,Consumer
2024-05-20,7200.0,7498.0,7200.0,7417.82,130.0,NESTLE,Consumer
2024-05-21,7598.0,7598.0,7255.2,7321.28,29.0,NESTLE,Consumer
2024-05-22,7448.0,7449.0,7200.0,7200.0,550.0,NESTLE,Consumer
2024-05-23,7199.99,7200.0,7199.99,7200.0,85.0,NESTLE,Consumer
2024-05-24,7100.0,7200.0,7100.0,7192.12,61.0,NESTLE,Consumer
2024-05-27,7190.0,7200.0,7100.01,7199.99,73.0,NESTLE,Consumer
2024-05-29,7200.0,7200.0,7150.0,7159.81,40.0,NESTLE,Consumer
2024-05-30,7105.25,7200.0,7105.25,7195.5,28.0,NESTLE,Consumer
2024-05-31,7150.0,7199.0,7131.0,7194.55,85.0,NESTLE,Consumer
2024-06-03,7150.0,7360.0,7051.0,7349.19,140.0,NESTLE,Consumer
2024-06-04,7350.0,7350.0,7157.0,7299.91,110.0,NESTLE,Consumer
2024-06-05,7010.0,7300.0,7010.0,7300.0,127.0,NESTLE,Consumer
2024-06-06,7000.36,7348.99,7000.36,7288.24,23.0,NESTLE,Consumer
2024-06-07,6706.0,7299.99,6706.0,6995.33,406.0,NESTLE,Consumer
2024-06-10,6950.0,7000.0,6950.0,6999.42,295.0,NESTLE,Consumer
2024-06-11,7000.0,7000.0,6925.0,6997.99,8.0,NESTLE,Consumer
2024-06-12,6950.0,6997.0,6815.01,6995.0,35.0,NESTLE,Consumer
2024-06-13,7000.0,7100.0,6950.0,7008.68,351.0,NESTLE,Consumer
2024-06-14,7000.0,7100.0,6900.0,7097.92,167.0,NESTLE,Consumer
2024-06-20,7000.0,7200.0,6921.0,7098.28,523.0,NESTLE,Consumer
2024-06-21,7000.0,7149.89,6905.02,7083.73,411.0,NESTLE,Consumer
2024-06-24,7083.73,7200.0,7007.07,7196.0,161.0,NESTLE,Consumer
2024-06-25,7190.0,7200.0,7007.07,7156.35,1399.0,NESTLE,Consumer
2024-06-26,7025.0,7060.0,6610.0,6914.0,1780.0,NESTLE,Consumer
2024-06-27,6850.0,7000.0,6814.0,6926.92,275.0,NESTLE,Consumer
2024-06-28,6989.88,7378.78,6820.0,7154.17,258.0,NESTLE,Consumer
2024-07-01,7011.25,7098.0,6900.0,7000.95,177.0,NESTLE,Consumer
2024-07-02,6990.0,6990.0,6925.0,6931.0,41.0,NESTLE,Consumer
2024-07-03,7090.07,7149.0,6901.11,7060.41,186.0,NESTLE,Consumer
2024-07-04,7090.99,7100.0,6955.0,7000.39,123.0,NESTLE,Consumer
2024-07-05,7020.0,7100.0,6950.0,7000.07,314.0,NESTLE,Consumer
2024-07-08,7090.0,7150.0,6907.0,7055.15,585.0,NESTLE,Consumer
2024-07-09,7100.0,7100.0,6994.49,6999.96,390.0,NESTLE,Consumer
2024-07-10,7099.99,7099.99,6800.02,7039.43,104.0,NESTLE,Consumer
2024-07-11,7039.4,7050.0,6921.01,7047.88,29.0,NESTLE,Consumer
2024-07-12,6850.01,7049.99,6850.01,7045.0,31.0,NESTLE,Consumer
2024-07-15,7714.28,7714.28,7021.0,7150.0,898.0,NESTLE,Consumer
2024-07-18,7249.54,7250.0,7011.0,7148.47,172.0,NESTLE,Consumer
2024-07-19,7150.0,7150.0,7000.0,7005.0,440.0,NESTLE,Consumer
2024-07-22,7049.99,7049.99,6711.01,6998.0,81.0,NESTLE,Consumer
2024-07-23,7025.0,7048.0,6950.0,6950.0,33.0,NESTLE,Consumer
2024-07-24,7000.0,7050.0,7000.0,7020.0,97.0,NESTLE,Consumer
2024-07-25,7000.0,7050.0,6900.0,6956.96,346.0,NESTLE,Consumer
2024-07-26,7099.0,7099.0,6900.0,6900.0,115.0,NESTLE,Consumer
2024-07-29,6900.0,7069.99,6900.0,6949.93,881.0,NESTLE,Consumer
2024-07-30,6949.0,6950.0,6835.0,6852.8,162.0,NESTLE,Consumer
2024-07-31,6950.0,6997.99,6912.0,6965.5,1501.0,NESTLE,Consumer
2024-08-01,6780.01,6999.99,6780.01,6900.0,51.0,NESTLE,Consumer
2024-08-02,6998.99,7045.0,6730.0,7029.67,560.0,NESTLE,Consumer
2024-08-05,6950.05,7050.0,6800.0,6848.52,94.0,NESTLE,Consumer
2024-08-06,6900.0,7005.0,6840.0,6997.21,85.0,NESTLE,Consumer
2024-08-07,6810.01,7042.99,6810.01,6911.99,105.0,NESTLE,Consumer
2024-08-08,6901.0,6983.99,6900.0,6925.0,21.0,NESTLE,Consumer
2024-08-09,7049.0,7049.0,6900.0,6900.0,126.0,NESTLE,Consumer
2024-08-12,6900.0,7029.99,6775.0,6802.0,96.0,NESTLE,Consumer
2024-08-13,6701.01,6948.99,6701.01,6847.5,181.0,NESTLE,Consumer
2024-08-15,6999.0,7089.0,6766.0,6800.0,410.0,NESTLE,Consumer
2024-08-16,7030.0,7030.0,6700.0,6841.79,1158.0,NESTLE,Consumer
2024-08-19,6800.0,6900.0,6707.07,6816.66,143.0,NESTLE,Consumer
2024-08-20,6890.9,6890.9,6816.66,6873.43,56.0,NESTLE,Consumer
2024-08-21,7085.0,7085.0,6710.1,6846.32,14.0,NESTLE,Consumer
2024-08-22,6974.99,7000.0,6800.0,6900.0,312.0,NESTLE,Consumer
2024-08-23,6999.0,7030.0,6850.0,6975.0,177.0,NESTLE,Consumer
2024-08-26,6960.0,6960.0,6850.0,6887.15,15.0,NESTLE,Consumer
2024-08-27,6999.99,6999.99,6850.0,6863.55,62.0,NESTLE,Consumer
2024-08-28,6920.0,6920.0,6800.01,6817.15,54.0,NESTLE,Consumer
2024-08-29,6900.0,6900.0,6801.0,6894.99,36.0,NESTLE,Consumer
2024-08-30,6900.0,7225.0,6900.0,6900.0,82.0,NESTLE,Consumer
2024-09-02,6750.0,6940.0,6710.1,6860.83,46.0,NESTLE,Consumer
2024-09-03,6910.0,7499.9,6910.0,7000.0,11057.0,NESTLE,Consumer
2024-09-04,6851.01,6994.99,6851.0,6917.67,90.0,NESTLE,Consumer
2024-09-05,6917.0,6917.0,6900.0,6915.0,19.0,NESTLE,Consumer
2024-09-06,6999.0,7000.0,6991.99,6997.5,24.0,NESTLE,Consumer
2024-09-09,7000.0,7000.0,6999.98,6999.99,4.0,NESTLE,Consumer
2024-09-10,6909.99,6994.0,6909.0,6980.0,54.0,NESTLE,Consumer
2024-09-11,6865.01,7050.0,6865.01,6970.0,100.0,NESTLE,Consumer
2024-09-12,7039.0,7039.0,6990.0,6999.5,112.0,NESTLE,Consumer
2024-09-13,7100.0,7100.0,6870.07,6984.83,32.0,NESTLE,Consumer
2024-09-16,6851.02,6984.99,6851.02,6980.0,27.0,NESTLE,Consumer
2024-09-18,6900.0,6979.81,6900.0,6901.61,81.0,NESTLE,Consumer
2024-09-19,6999.99,6999.99,6870.09,6962.05,28.0,NESTLE,Consumer
2024-09-20,6860.07,6984.99,6840.41,6962.55,51.0,NESTLE,Consumer
2024-09-23,6860.07,6999.96,6860.07,6958.07,99.0,NESTLE,Consumer
2024-09-24,6958.01,6958.01,6858.0,6906.02,24.0,NESTLE,Consumer
2024-09-25,6925.0,6925.0,6925.0,6906.02,3.0,NESTLE,Consumer
2024-09-26,6900.0,6990.99,6860.0,6865.56,98.0,NESTLE,Consumer
2024-09-27,6899.0,6899.0,6826.13,6888.49,48.0,NESTLE,Consumer
2024-09-30,6989.99,6989.99,6800.0,6800.0,142.0,NESTLE,Consumer
2024-10-01,6850.0,6850.0,6800.0,6811.25,25.0,NESTLE,Consumer
2024-10-02,6705.05,6845.0,6705.05,6802.27,238.0,NESTLE,Consumer
2024-10-03,6830.0,6835.0,6800.0,6802.04,3243.0,NESTLE,Consumer
2024-10-04,6701.0,6818.99,6701.0,6798.29,57.0,NESTLE,Consumer
2024-10-07,6800.0,6800.0,6799.0,6799.9,45.0,NESTLE,Consumer
2024-10-08,6920.0,6920.0,6701.01,6865.24,38.0,NESTLE,Consumer
2024-10-09,6800.01,6800.01,6755.0,6790.0,139.0,NESTLE,Consumer
2024-10-10,6800.0,6800.0,6770.0,6777.75,152.0,NESTLE,Consumer
2024-10-11,6776.01,6949.0,6750.0,6931.45,373.0,NESTLE,Consumer
2024-10-14,6900.0,6900.0,6760.0,6792.0,413.0,NESTLE,Consumer
2024-10-15,6730.3,6800.0,6730.3,6800.0,41.0,NESTLE,Consumer
2024-10-16,6710.0,6900.0,6710.0,6900.0,223.0,NESTLE,Consumer
2024-10-17,6710.0,6999.0,6710.0,6800.0,152.0,NESTLE,Consumer
2024-10-18,6716.0,6850.0,6716.0,6797.41,450.0,NESTLE,Consumer
2024-10-21,6880.0,6880.0,6760.0,6799.03,32.0,NESTLE,Consumer
2024-10-22,6800.0,6800.0,6777.0,6799.04,86.0,NESTLE,Consumer
2024-10-23,6755.0,6798.99,6750.0,6781.9,153.0,NESTLE,Consumer
2024-10-24,6850.0,6850.0,6565.0,6624.96,808.0,NESTLE,Consumer
2024-10-25,6630.0,6650.0,6535.0,6565.12,590.0,NESTLE,Consumer
2024-10-28,6550.0,6730.0,6550.0,6651.3,655.0,NESTLE,Consumer
2024-10-29,6651.3,6680.0,6585.03,6678.0,459.0,NESTLE,Consumer
2024-10-30,6745.0,6745.0,6614.0,6652.75,241.0,NESTLE,Consumer
2024-10-31,6749.0,6749.0,6550.0,6552.02,200.0,NESTLE,Consumer
2024-11-01,6740.0,6740.0,6555.0,6563.87,269.0,NESTLE,Consumer
2024-11-04,6515.0,6690.0,6510.0,6620.0,152.0,NESTLE,Consumer
2024-11-05,6695.01,6695.01,6565.01,6600.0,144.0,NESTLE,Consumer
2024-11-06,6800.0,6800.0,6590.0,6606.01,196.0,NESTLE,Consumer
2024-11-07,6698.99,6700.0,6582.0,6598.09,328.0,NESTLE,Consumer
2024-11-08,6561.0,6648.99,6510.0,6594.33,759.0,NESTLE,Consumer
2024-11-11,6620.0,6648.0,6523.0,6589.54,166.0,NESTLE,Consumer
2024-11-12,6510.0,6590.0,6500.0,6564.66,336.0,NESTLE,Consumer
2024-11-13,6564.0,6564.0,6514.0,6552.75,220.0,NESTLE,Consumer
2024-11-14,6589.97,6589.97,6527.02,6582.0,156.0,NESTLE,Consumer
2024-11-15,6586.0,6619.0,6550.0,6600.01,1651.0,NESTLE,Consumer
2024-11-18,6600.0,6600.0,6532.32,6558.35,268.0,NESTLE,Consumer
2024-11-19,6600.0,6624.0,6561.01,6600.0,793.0,NESTLE,Consumer
2024-11-20,6570.0,6750.0,6565.65,6691.17,1405.0,NESTLE,Consumer
2024-11-21,6568.0,6700.0,6568.0,6616.31,1573.0,NESTLE,Consumer
2024-11-22,6690.0,6879.9,6603.03,6700.0,555.0,NESTLE,Consumer
2024-11-25,6720.0,6800.0,6651.0,6700.0,230.0,NESTLE,Consumer
2024-11-26,6750.0,6750.0,6520.0,6602.0,934.0,NESTLE,Consumer
2024-11-27,6699.0,6699.0,6570.0,6600.49,1897.0,NESTLE,Consumer
2024-11-28,6600.0,6649.99,6540.0,6583.87,878.0,NESTLE,Consumer
2024-11-29,6640.0,6640.0,6556.02,6570.67,334.0,NESTLE,Consumer
2024-12-02,6550.0,6650.0,6540.0,6632.87,2135.0,NESTLE,Consumer
2024-12-03,6556.01,6700.0,6556.01,6681.38,1599.0,NESTLE,Consumer
2024-12-04,6681.38,6770.0,6680.0,6701.96,691.0,NESTLE,Consumer
2024-12-05,6702.0,6778.1,6690.0,6711.42,1121.0,NESTLE,Consumer
2024-12-06,6777.0,6777.0,6690.0,6715.93,579.0,NESTLE,Consumer
2024-12-09,6700.0,7387.52,6700.0,7387.52,1370.0,NESTLE,Consumer
2024-12-10,7500.0,8000.0,7100.03,7330.81,1153.0,NESTLE,Consumer
2024-12-11,7330.81,7969.0,7050.0,7155.27,863.0,NESTLE,Consumer
2024-12-12,7210.0,7550.0,7200.0,7355.19,3837.0,NESTLE,Consumer
2024-12-13,7400.0,7585.02,7302.01,7423.09,425.0,NESTLE,Consumer
2024-12-16,7500.0,7700.01,7400.01,7586.36,781.0,NESTLE,Consumer
2024-12-17,7549.0,7549.99,7450.0,7511.48,157.0,NESTLE,Consumer
2024-12-18,7500.0,7600.0,7410.0,7429.0,137.0,NESTLE,Consumer
2024-12-19,7428.99,7500.0,7220.01,7241.37,915.0,NESTLE,Consumer
2024-12-20,7113.0,7965.0,7113.0,7311.65,202.0,NESTLE,Consumer
2024-12-23,7474.98,7474.98,7200.25,7329.35,1456.0,NESTLE,Consumer
2024-12-24,7330.0,7449.0,7204.04,7232.0,167.0,NESTLE,Consumer
2024-12-26,7399.0,7500.0,7300.0,7430.81,694.0,NESTLE,Consumer
2024-12-27,7310.03,7499.0,7301.0,7377.7,296.0,NESTLE,Consumer
2024-12-30,7490.0,7504.0,7385.0,7400.0,214.0,NESTLE,Consumer
2024-12-31,7500.0,7500.0,7355.43,7450.0,146.0,NESTLE,Consumer
2025-01-01,7368.13,7450.0,7368.13,7410.78,247.0,NESTLE,Consumer
2025-01-02,7400.0,7500.0,7400.0,7405.48,295.0,NESTLE,Consumer
2025-01-03,7449.99,7450.0,7335.0,7405.0,58.0,NESTLE,Consumer
2025-01-06,7305.0,7470.98,7305.0,7419.47,144.0,NESTLE,Consumer
2025-01-07,7301.01,7398.99,7210.0,7344.08,266.0,NESTLE,Consumer
2025-01-08,7345.0,7350.0,7202.02,7282.23,117.0,NESTLE,Consumer
2025-01-09,7120.0,7219.99,7110.02,7151.21,160.0,NESTLE,Consumer
2025-01-10,7150.0,7550.0,7150.0,7502.6,1104.0,NESTLE,Consumer
2025-01-13,7500.0,7500.0,7322.03,7493.97,191.0,NESTLE,Consumer
2025-01-14,7495.0,7495.0,7361.0,7435.93,117.0,NESTLE,Consumer
2025-01-15,7303.0,7489.22,7250.0,7408.98,152.0,NESTLE,Consumer
2025-01-16,7500.0,7500.0,7380.0,7419.11,180.0,NESTLE,Consumer
2025-01-17,7494.99,7498.0,7306.0,7488.69,319.0,NESTLE,Consumer
2025-01-20,7327.11,7494.77,7327.11,7461.4,52.0,NESTLE,Consumer
2025-01-21,7380.01,7495.0,7380.01,7448.83,206.0,NESTLE,Consumer
2025-01-22,7494.0,7500.0,7415.0,7472.25,261.0,NESTLE,Consumer
2025-01-23,7498.0,7498.0,7366.0,7440.24,136.0,NESTLE,Consumer
2025-01-24,7490.0,7500.0,7302.0,7424.35,169.0,NESTLE,Consumer
2025-01-27,7430.0,7500.0,7400.0,7405.76,149.0,NESTLE,Consumer
2025-01-28,7150.01,7475.0,7150.01,7370.0,45.0,NESTLE,Consumer
2025-01-29,7301.0,7491.77,7301.0,7459.6,138.0,NESTLE,Consumer
2025-01-30,7459.6,7460.0,7400.0,7431.05,223.0,NESTLE,Consumer
2025-01-31,7425.0,7450.0,7400.0,7433.5,34.0,NESTLE,Consumer
2025-02-03,7400.0,7482.44,7350.0,7395.0,103.0,NESTLE,Consumer
2025-02-04,7300.0,7489.0,7200.0,7389.25,128.0,NESTLE,Consumer
2025-02-06,7350.05,7495.0,7350.0,7440.36,120.0,NESTLE,Consumer
2025-02-07,7353.03,7460.0,7353.03,7458.97,192.0,NESTLE,Consumer
2025-02-10,7460.0,7460.0,7260.01,7455.5,28.0,NESTLE,Consumer
2025-02-11,7460.0,7460.0,7425.0,7444.02,38.0,NESTLE,Consumer
2025-02-12,7425.1,7460.0,7425.1,7430.0,35.0,NESTLE,Consumer
2025-02-13,7429.0,7435.0,7300.0,7366.5,113.0,NESTLE,Consumer
2025-02-14,7400.1,7440.25,7200.0,7373.39,338.0,NESTLE,Consumer
2025-02-17,7251.0,7459.88,7106.01,7250.3,94.0,NESTLE,Consumer
2025-02-18,7300.0,7413.0,7250.0,7300.0,301.0,NESTLE,Consumer
2025-02-19,7300.05,7398.0,7280.0,7300.0,330.0,NESTLE,Consumer
2025-02-20,7280.0,7345.0,7200.0,7297.13,242.0,NESTLE,Consumer
2025-02-21,7299.0,7450.0,7200.0,7345.84,434.0,NESTLE,Consumer
2025-02-24,7345.84,7345.84,7205.01,7300.0,241.0,NESTLE,Consumer
2025-02-25,7398.99,7440.0,7255.08,7304.8,60.0,NESTLE,Consumer
2025-02-26,7350.0,7350.0,7325.0,7334.0,109.0,NESTLE,Consumer
2025-02-27,7325.0,7400.0,7201.06,7362.37,33.0,NESTLE,Consumer
2025-02-28,7399.99,7400.0,7326.0,7350.43,267.0,NESTLE,Consumer
2025-03-03,7440.0,7498.0,7330.0,7338.33,43.0,NESTLE,Consumer
2025-03-04,7850.0,7850.0,7346.1,7350.0,96.0,NESTLE,Consumer
2025-03-05,7360.0,7501.0,7350.0,7499.2,1014.0,NESTLE,Consumer
2025-03-06,7450.0,7495.0,7362.01,7362.02,61.0,NESTLE,Consumer
2025-03-07,7361.0,7400.0,7361.0,7395.6,54.0,NESTLE,Consumer
2025-03-10,7320.01,7494.99,7320.0,7321.25,54.0,NESTLE,Consumer
2025-03-11,7399.0,7399.0,7330.0,7351.0,68.0,NESTLE,Consumer
2025-03-12,7350.0,7350.0,7300.01,7350.0,74.0,NESTLE,Consumer
2025-03-13,7444.0,7445.0,7350.0,7350.05,46.0,NESTLE,Consumer
2025-03-14,7350.05,7440.0,7300.01,7336.05,67.0,NESTLE,Consumer
2025-03-17,7500.0,7500.0,7300.0,7350.0,120.0,NESTLE,Consumer
2025-03-18,7350.0,7600.0,7350.0,7467.17,175.0,NESTLE,Consumer
2025-03-19,7450.0,7475.0,7388.08,7402.33,43.0,NESTLE,Consumer
2025-03-20,7600.0,7600.0,7310.01,7383.92,355.0,NESTLE,Consumer
2025-03-21,7448.99,7448.99,7378.0,7398.55,39.0,NESTLE,Consumer
2025-03-24,7395.99,7395.99,7315.98,7374.94,32.0,NESTLE,Consumer
2025-03-25,7450.0,7450.0,7151.0,7374.98,79.0,NESTLE,Consumer
2025-03-26,7320.0,7414.09,7320.0,7385.78,53.0,NESTLE,Consumer
2025-03-27,7384.0,7394.99,7360.0,7371.5,141.0,NESTLE,Consumer
2025-04-03,7400.0,7400.0,7295.8,7398.0,133.0,NESTLE,Consumer
2025-04-04,7399.0,7399.0,6700.0,7350.0,85.0,NESTLE,Consumer
2025-04-07,7399.0,7399.0,7000.0,7200.02,142.0,NESTLE,Consumer
2025-04-08,7389.0,7389.0,7200.0,7242.95,227.0,NESTLE,Consumer
2025-04-09,7300.0,7300.0,7130.11,7206.35,164.0,NESTLE,Consumer
2025-04-10,7220.0,7310.0,7170.0,7183.48,418.0,NESTLE,Consumer
2025-04-11,7110.0,7308.8,7000.0,7070.85,158.0,NESTLE,Consumer
2025-04-14,7250.0,7250.0,7101.0,7173.33,75.0,NESTLE,Consumer
2025-04-15,7130.0,7199.8,7100.0,7114.77,412.0,NESTLE,Consumer
2025-04-16,7130.0,7186.0,7100.0,7100.0,81.0,NESTLE,Consumer
2025-04-17,7180.0,7180.0,7009.0,7071.73,135.0,NESTLE,Consumer
2025-04-18,7144.0,7145.0,7090.0,7100.0,143.0,NESTLE,Consumer
2025-04-21,6701.01,7097.06,6701.01,7001.14,220.0,NESTLE,Consumer
2025-04-22,6758.0,7120.0,6758.0,7054.21,120.0,NESTLE,Consumer
2025-04-23,7030.0,7050.0,7025.55,7048.99,14.0,NESTLE,Consumer
2025-04-24,7025.05,7025.05,6801.0,6998.0,105.0,NESTLE,Consumer
2025-04-25,6851.0,7100.0,6725.0,6994.34,175.0,NESTLE,Consumer
2025-04-28,6990.0,6991.0,6826.0,6990.17,112.0,NESTLE,Consumer
2025-04-29,6900.0,7100.0,6820.0,6887.0,330.0,NESTLE,Consumer
2025-04-30,7174.99,7174.99,6800.0,6804.04,150.0,NESTLE,Consumer
2025-05-02,6800.01,6950.0,6500.0,6902.27,218.0,NESTLE,Consumer
2025-05-05,6900.0,7300.0,6705.0,7190.36,370.0,NESTLE,Consumer
2025-05-06,6857.0,7300.0,6857.0,7018.0,402.0,NESTLE,Consumer
2025-05-07,7000.0,7200.0,6751.01,7132.19,134.0,NESTLE,Consumer
2025-05-08,7000.0,7185.0,6711.01,6998.84,284.0,NESTLE,Consumer
2025-05-09,7300.0,7300.0,6525.0,7119.15,101.0,NESTLE,Consumer
2025-05-12,7349.0,7349.0,6852.0,7164.67,399.0,NESTLE,Consumer
2025-05-13,7001.0,7169.0,7001.0,7074.09,53.0,NESTLE,Consumer
2025-05-14,7074.09,7080.0,6916.0,7073.09,47.0,NESTLE,Consumer
2025-05-15,7080.0,7250.0,7080.0,7180.0,222.0,NESTLE,Consumer
2025-05-16,7288.85,7288.85,6993.92,7091.78,223.0,NESTLE,Consumer
2025-05-19,7091.78,7124.0,6971.01,7068.64,364.0,NESTLE,Consumer
2025-05-20,7149.89,7149.89,7000.1,7050.1,135.0,NESTLE,Consumer
2025-05-21,6975.98,7119.44,6975.98,7070.05,101.0,NESTLE,Consumer
2025-05-22,7070.05,7100.0,7010.0,7054.42,89.0,NESTLE,Consumer
2025-05-23,7080.0,7096.75,6987.0,7018.72,44.0,NESTLE,Consumer
2025-05-26,7073.99,7100.0,7000.0,7013.36,61.0,NESTLE,Consumer
2025-05-27,7015.0,7015.0,7010.0,7010.0,18.0,NESTLE,Consumer
2025-05-29,7020.26,7049.0,7001.0,7025.4,32.0,NESTLE,Consumer
2025-05-30,7025.4,7095.0,6951.5,7001.11,59.0,NESTLE,Consumer
2025-06-02,7010.0,7050.0,6402.02,7041.26,218.0,NESTLE,Consumer
2025-06-03,7089.89,7089.89,7079.0,7085.73,7.0,NESTLE,Consumer
2025-06-04,7080.0,7080.0,7004.0,7036.18,18.0,NESTLE,Consumer
2025-06-05,7036.18,7089.44,7036.0,7088.61,10.0,NESTLE,Consumer
2025-06-10,7147.95,7147.95,6985.0,7000.0,200.0,NESTLE,Consumer
2025-06-11,7062.5,7071.98,6990.01,7000.01,172.0,NESTLE,Consumer
2025-06-12,6999.0,7039.0,6999.0,7014.48,178.0,NESTLE,Consumer
2025-06-13,6950.0,7010.0,6950.0,7007.69,166.0,NESTLE,Consumer
2025-06-16,6956.0,7080.0,6930.0,7007.48,165.0,NESTLE,Consumer
2025-06-17,7031.95,7031.95,6954.0,7010.0,97.0,NESTLE,Consumer
2025-06-18,6955.01,7032.0,6955.01,7009.84,121.0,NESTLE,Consumer
2025-06-19,6911.0,7029.0,6911.0,7004.77,28.0,NESTLE,Consumer
2025-06-20,7020.0,7020.0,6950.0,6999.99,46.0,NESTLE,Consumer
2025-06-23,7010.0,7010.0,6905.0,7007.87,198.0,NESTLE,Consumer
2025-06-24,7010.0,7125.0,7000.0,7036.4,473.0,NESTLE,Consumer
2025-06-25,7040.0,7049.0,7001.0,7047.5,8.0,NESTLE,Consumer
2025-06-26,6974.5,7069.99,6956.09,6976.85,23.0,NESTLE,Consumer
2025-06-27,7068.0,7068.0,6981.01,7031.4,144.0,NESTLE,Consumer
2025-06-30,6825.01,7050.0,6825.01,7046.0,156.0,NESTLE,Consumer
2025-07-01,7040.0,7040.0,6985.0,7015.0,173.0,NESTLE,Consumer
2025-07-02,7040.0,7049.0,7000.0,7040.11,239.0,NESTLE,Consumer
2025-07-03,6990.0,7050.0,6965.0,7000.92,101.0,NESTLE,Consumer
2025-07-04,6966.0,7039.98,6966.0,7038.09,127.0,NESTLE,Consumer
2025-07-07,7038.09,7089.0,7038.09,7086.5,184.0,NESTLE,Consumer
2025-07-08,7085.0,7795.15,7080.0,7224.92,1281.0,NESTLE,Consumer
2025-07-09,7110.0,7250.0,7110.0,7181.0,65.0,NESTLE,Consumer
2025-07-10,7350.0,7350.0,7120.0,7160.54,259.0,NESTLE,Consumer
2025-07-11,7160.54,7175.0,7105.05,7150.5,245.0,NESTLE,Consumer
2025-07-14,7190.0,7250.5,7101.0,7145.61,192.0,NESTLE,Consumer
2025-07-15,7135.01,7219.98,7135.01,7199.0,347.0,NESTLE,Consumer
2025-07-16,7152.15,7265.0,7152.13,7244.89,1249.0,NESTLE,Consumer
2025-07-17,7250.0,7278.0,7202.0,7235.0,564.0,NESTLE,Consumer
2025-07-18,7230.0,7499.0,7150.0,7313.03,263.0,NESTLE,Consumer
2025-07-21,7313.03,7480.0,7313.0,7400.0,529.0,NESTLE,Consumer
2025-07-22,7401.0,7485.0,7205.11,7445.45,517.0,NESTLE,Consumer
2025-07-23,7500.0,7500.0,7275.0,7495.99,190.0,NESTLE,Consumer
2025-07-24,7497.0,7900.0,7325.0,7873.81,1152.0,NESTLE,Consumer
2025-07-25,7873.81,7890.0,7300.0,7699.77,2984.0,NESTLE,Consumer
2025-07-28,7888.8,7888.8,7600.01,7701.93,729.0,NESTLE,Consumer
2025-07-29,7799.0,7799.0,7622.0,7689.84,303.0,NESTLE,Consumer
2025-07-30,7735.0,7735.0,7590.0,7611.32,451.0,NESTLE,Consumer
2025-07-31,7620.0,7800.0,7580.0,7630.01,407.0,NESTLE,Consumer
2025-08-01,7630.11,8150.0,7630.01,7888.3,1203.0,NESTLE,Consumer
2025-08-04,7650.0,8100.0,7650.0,7907.56,1314.0,NESTLE,Consumer
2025-08-05,8000.0,8698.32,8000.0,8698.32,1316.0,NESTLE,Consumer
2025-08-06,8920.0,9568.15,8920.0,9568.15,1655.0,NESTLE,Consumer
2025-08-07,10490.0,10524.97,8706.0,9037.58,6689.0,NESTLE,Consumer
2025-08-08,9037.58,9400.0,8906.0,8950.56,807.0,NESTLE,Consumer
2025-08-11,8960.02,9300.0,8600.0,8851.36,1061.0,NESTLE,Consumer
2025-08-12,8900.0,8994.75,8700.01,8762.79,267.0,NESTLE,Consumer
2025-08-13,8859.75,8859.75,8750.0,8758.06,300.0,NESTLE,Consumer
2025-08-15,8700.0,8799.0,8499.99,8654.09,579.0,NESTLE,Consumer
2025-08-18,8773.75,8773.75,8251.0,8394.94,1670.0,NESTLE,Consumer
2025-08-19,8459.98,8459.99,8281.0,8351.57,390.0,NESTLE,Consumer
2025-08-20,8479.0,8479.0,8301.0,8378.62,177.0,NESTLE,Consumer
2025-08-21,8378.62,8429.3,8200.0,8356.79,238.0,NESTLE,Consumer
2025-08-22,8240.01,8375.0,8200.0,8232.08,583.0,NESTLE,Consumer
2025-08-25,8232.25,8265.0,7843.13,8103.42,541.0,NESTLE,Consumer
2025-08-26,8103.42,8250.0,7900.01,8225.07,278.0,NESTLE,Consumer
2025-08-27,8270.0,8357.86,8035.0,8287.14,303.0,NESTLE,Consumer
2025-08-28,8290.1,8440.0,8012.02,8370.21,344.0,NESTLE,Consumer
2025-08-29,8105.0,8600.0,8105.0,8516.38,1016.0,NESTLE,Consumer
2025-09-01,8401.01,8700.0,8202.0,8439.18,419.0,NESTLE,Consumer
2025-09-02,8401.0,8553.98,8310.03,8382.72,365.0,NESTLE,Consumer
2025-09-03,8313.0,8468.0,7800.0,8414.95,277.0,NESTLE,Consumer
2025-09-04,8414.9,8474.0,8100.0,8457.78,320.0,NESTLE,Consumer
2025-09-05,8457.0,8488.0,8225.02,8417.62,207.0,NESTLE,Consumer
2025-09-08,8415.0,8470.0,8317.62,8452.23,380.0,NESTLE,Consumer
2025-09-09,8500.0,8509.0,8311.09,8470.09,655.0,NESTLE,Consumer
2025-09-10,8588.0,8588.0,8411.0,8471.21,853.0,NESTLE,Consumer
2025-09-11,8475.0,8500.0,8156.05,8363.89,365.0,NESTLE,Consumer
2025-09-12,8300.0,8500.0,8010.0,8202.06,305.0,NESTLE,Consumer
2025-09-15,8499.0,8499.0,8055.0,8371.33,74.0,NESTLE,Consumer
2025-09-16,8499.99,8499.99,8311.01,8368.33,63.0,NESTLE,Consumer
2025-09-17,8291.1,8439.0,8291.1,8350.0,87.0,NESTLE,Consumer
2025-09-18,8449.75,8449.75,8287.03,8425.78,203.0,NESTLE,Consumer
2025-09-19,8426.0,8470.0,8300.0,8445.26,149.0,NESTLE,Consumer
2025-09-22,8450.0,8499.75,8318.0,8412.42,153.0,NESTLE,Consumer
2025-09-23,8449.0,8478.0,8300.0,8376.16,323.0,NESTLE,Consumer
2025-09-24,8440.35,8444.7,8300.0,8399.4,284.0,NESTLE,Consumer
2025-09-25,8400.0,8499.99,8315.3,8435.0,115.0,NESTLE,Consumer
2025-09-26,8472.0,8472.0,8400.0,8445.0,123.0,NESTLE,Consumer
2025-09-29,8310.02,8494.97,8310.02,8381.86,264.0,NESTLE,Consumer
2025-09-30,8468.99,8500.0,8375.01,8378.22,811.0,NESTLE,Consumer
2025-10-01,8378.98,8464.95,8378.98,8430.1,291.0,NESTLE,Consumer
2025-10-02,8430.0,8499.0,8333.0,8401.74,1575.0,NESTLE,Consumer
2025-10-03,8494.95,8700.0,8310.02,8601.59,617.0,NESTLE,Consumer
2025-10-06,8351.01,8549.95,8300.0,8350.43,359.0,NESTLE,Consumer
2025-10-07,8311.0,8350.0,8305.0,8337.91,378.0,NESTLE,Consumer
2025-10-08,8337.91,8439.76,8300.0,8349.98,207.0,NESTLE,Consumer
2025-10-09,8349.0,8436.95,8300.07,8306.78,146.0,NESTLE,Consumer
2025-10-10,8300.0,8384.88,8211.2,8304.42,150.0,NESTLE,Consumer
2025-10-13,8303.99,8303.99,7765.0,8135.86,385.0,NESTLE,Consumer
2025-10-14,8299.1,8342.99,8200.0,8202.14,315.0,NESTLE,Consumer
2025-10-15,8260.0,8400.0,8260.0,8335.0,1543.0,NESTLE,Consumer
2025-10-16,8335.0,8335.0,8120.0,8178.57,1520.0,NESTLE,Consumer
2025-10-17,8200.0,8200.0,8122.0,8133.19,486.0,NESTLE,Consumer
2025-10-20,8134.0,8170.0,8128.0,8131.16,392.0,NESTLE,Consumer
2025-10-21,8189.9,8189.9,8132.98,8144.19,154.0,NESTLE,Consumer
2025-10-22,8174.99,8174.99,8090.0,8158.71,1826.0,NESTLE,Consumer
2025-10-23,8158.71,8170.0,8090.0,8123.24,127.0,NESTLE,Consumer
2025-10-24,8169.0,8169.0,8011.1,8113.57,164.0,NESTLE,Consumer
2025-10-27,8013.09,8114.0,7999.0,8051.11,1045.0,NESTLE,Consumer
2025-10-28,8100.0,8100.0,7990.1,8000.02,256.0,NESTLE,Consumer
2025-10-29,8002.4,8148.0,7951.13,7957.11,128.0,NESTLE,Consumer
2025-10-30,7951.0,8120.0,7900.0,7925.51,171.0,NESTLE,Consumer
2025-10-31,8124.99,8150.0,8002.0,8076.29,182.0,NESTLE,Consumer
2025-11-03,8149.98,8149.98,8025.0,8055.1,157.0,NESTLE,Consumer
2025-11-04,8100.0,8100.0,7862.02,8051.77,332.0,NESTLE,Consumer
2025-11-05,8000.01,8051.0,8000.0,8004.72,250.0,NESTLE,Consumer
2025-11-06,8099.99,8099.99,7900.0,8034.4,419.0,NESTLE,Consumer
2025-11-07,8098.98,8098.98,7980.0,8027.15,96.0,NESTLE,Consumer
2025-11-10,7912.01,8088.98,7910.0,8038.53,66.0,NESTLE,Consumer
2025-11-11,8095.0,8095.0,7956.07,8003.75,127.0,NESTLE,Consumer
2025-11-12,8020.0,8020.0,7961.03,8003.97,32.0,NESTLE,Consumer
2025-11-13,8000.0,8065.0,7950.0,8021.65,50.0,NESTLE,Consumer
2025-11-14,8074.3,8074.3,7970.05,7987.38,111.0,NESTLE,Consumer
2025-11-17,8000.0,8000.0,7900.0,7998.37,362.0,NESTLE,Consumer
2025-11-18,7998.37,8000.0,7951.0,7989.99,13.0,NESTLE,Consumer
2025-11-19,7990.0,8000.0,7953.01,7999.5,83.0,NESTLE,Consumer
2025-11-20,7999.5,8098.0,7960.0,7995.0,54.0,NESTLE,Consumer
2025-11-21,7990.0,8069.97,7990.0,8049.33,182.0,NESTLE,Consumer
2025-11-24,8099.99,8099.99,7850.0,7996.56,327.0,NESTLE,Consumer
2025-11-25,7998.95,8044.79,7950.0,7963.2,105.0,NESTLE,Consumer
2025-11-26,7965.01,8029.03,7900.0,7944.49,117.0,NESTLE,Consumer
2025-11-27,7999.99,7999.99,7940.0,7944.7,36.0,NESTLE,Consumer
2025-11-28,7998.99,8000.0,7950.0,7999.46,420.0,NESTLE,Consumer
2025-12-01,8000.0,8050.0,8000.0,8000.28,114.0,NESTLE,Consumer
2025-12-02,8100.0,8100.0,8000.0,8006.13,499.0,NESTLE,Consumer
2025-12-03,8050.0,8050.0,8000.0,8001.23,162.0,NESTLE,Consumer
2025-12-04,8000.01,8049.98,7951.01,7955.25,135.0,NESTLE,Consumer
2025-12-05,8047.98,8100.0,8000.0,8030.25,60.0,NESTLE,Consumer
2025-12-08,8098.0,8098.0,8000.0,8004.98,264.0,NESTLE,Consumer
2025-12-09,8034.51,8035.0,8000.0,8033.77,99.0,NESTLE,Consumer
2025-12-10,8033.77,8100.0,8000.0,8043.5,125.0,NESTLE,Consumer
2025-12-11,8095.49,8095.49,8000.0,8000.0,276.0,NESTLE,Consumer
2025-12-12,8049.5,8049.5,8000.0,8000.0,438.0,NESTLE,Consumer
2025-12-15,8000.01,8053.0,8000.0,8001.07,101.0,NESTLE,Consumer
2025-12-16,8001.08,8047.99,7950.0,7950.97,447.0,NESTLE,Consumer
2025-12-17,7950.97,8023.98,7950.97,8000.0,62.0,NESTLE,Consumer
2025-12-18,7953.1,8000.0,7923.0,7984.98,167.0,NESTLE,Consumer
2025-12-19,7955.25,8013.9,7900.0,7982.8,131.0,NESTLE,Consumer
2025-12-22,8050.0,8100.0,7932.11,7997.86,110.0,NESTLE,Consumer
2025-12-23,8075.0,8098.98,7947.0,8005.0,128.0,NESTLE,Consumer
2025-12-24,8050.0,8089.98,8000.0,8010.51,34.0,NESTLE,Consumer
2025-12-26,8040.0,8040.0,7936.0,8006.08,55.0,NESTLE,Consumer
2025-12-29,7990.0,8050.0,7960.0,7968.91,263.0,NESTLE,Consumer
2025-12-30,7985.0,8038.9,7943.0,7948.59,355.0,NESTLE,Consumer
2025-12-31,7951.0,7999.99,7925.0,7952.62,605.0,NESTLE,Consumer
2026-01-01,7953.11,8000.0,7953.11,7998.75,407.0,NESTLE,Consumer
2026-01-02,7998.99,8075.0,7953.0,8010.16,765.0,NESTLE,Consumer
2026-01-05,7982.0,8040.0,7982.0,8021.43,69.0,NESTLE,Consumer
2026-01-06,8021.43,8039.0,7983.0,7998.12,508.0,NESTLE,Consumer
2026-01-07,8030.0,8030.0,7950.0,8014.85,164.0,NESTLE,Consumer
2026-01-08,8020.0,8020.0,7950.0,7981.09,393.0,NESTLE,Consumer
2026-01-09,8008.98,8015.0,7970.0,8000.96,133.0,NESTLE,Consumer
2026-01-12,8005.0,8015.0,7953.0,7999.99,207.0,NESTLE,Consumer
2026-01-13,8018.05,8018.05,7965.0,7990.0,667.0,NESTLE,Consumer
2026-01-14,7906.0,8000.0,7906.0,7950.0,127.0,NESTLE,Consumer
2026-01-15,7950.0,8000.0,7950.0,7998.98,314.0,NESTLE,Consumer
2026-01-16,7966.0,8020.0,7199.08,7952.25,891.0,NESTLE,Consumer
2026-01-19,8067.48,8067.48,7900.0,7996.47,146.0,NESTLE,Consumer
2026-01-20,8048.0,8048.0,7919.01,7988.51,486.0,NESTLE,Consumer
2026-01-21,7911.0,8000.0,7910.01,7925.0,210.0,NESTLE,Consumer
2026-01-22,7925.0,8000.0,7901.0,7988.79,329.0,NESTLE,Consumer
2026-01-23,7990.0,8000.0,7710.0,7764.52,1139.0,NESTLE,Consumer
2026-01-26,7770.0,8000.0,7770.0,7970.64,479.0,NESTLE,Consumer
2026-01-27,7970.64,8000.0,7871.0,7900.83,196.0,NESTLE,Consumer
2026-01-28,7950.0,8000.0,7811.0,7905.39,310.0,NESTLE,Consumer
2026-01-29,7900.0,7978.02,7800.0,7857.86,311.0,NESTLE,Consumer
2026-01-30,7970.0,7970.0,7864.03,7883.79,118.0,NESTLE,Consumer
2026-02-02,7885.05,7919.0,7201.02,7774.41,362.0,NESTLE,Consumer
2026-02-03,7774.41,7848.0,7774.41,7830.74,95.0,NESTLE,Consumer
2026-02-04,7800.0,7949.9,7800.0,7906.13,325.0,NESTLE,Consumer
2026-02-06,7914.0,7949.0,7850.0,7852.73,407.0,NESTLE,Consumer
2026-02-09,7935.0,8638.0,7854.0,8265.26,1744.0,NESTLE,Consumer
2026-02-10,8400.0,8400.0,8000.0,8178.65,456.0,NESTLE,Consumer
2026-02-11,8050.01,8176.0,8050.01,8097.09,82.0,NESTLE,Consumer
2026-02-12,8097.09,8100.0,7950.0,8012.5,227.0,NESTLE,Consumer
2026-02-13,8079.8,8079.8,7905.0,8013.14,78.0,NESTLE,Consumer
2026-02-16,8050.0,8050.0,7930.01,7955.26,318.0,NESTLE,Consumer
2026-02-17,8050.0,8050.0,7905.02,7966.5,79.0,NESTLE,Consumer
2026-02-18,7990.0,8080.0,7950.0,7999.56,933.0,NESTLE,Consumer
2026-02-19,7980.0,8036.0,7900.0,7952.26,73.0,NESTLE,Consumer
2026-02-20,8000.0,8100.0,7960.01,8046.98,396.0,NESTLE,Consumer
2026-02-23,8089.99,8090.0,7962.0,7996.45,119.0,NESTLE,Consumer
2026-02-24,7900.05,8044.9,7800.0,7904.29,210.0,NESTLE,Consumer
2026-02-25,8027.0,8027.0,7900.01,7979.5,80.0,NESTLE,Consumer
2026-02-26,7979.5,7980.0,7801.0,7903.0,506.0,NESTLE,Consumer
2026-02-27,7999.0,7999.0,7960.0,7998.89,50.0,NESTLE,Consumer
2026-03-02,7250.0,8000.0,7250.0,7667.2,253.0,NESTLE,Consumer
2026-03-03,8200.0,8200.0,7667.2,7796.18,211.0,NESTLE,Consumer
2026-03-04,8000.0,8000.0,7715.0,7800.0,109.0,NESTLE,Consumer
2026-03-05,7771.01,7994.95,7771.01,7830.4,83.0,NESTLE,Consumer
2026-03-06,7785.0,8189.0,7750.0,7770.19,438.0,NESTLE,Consumer
2026-03-09,7800.0,7800.0,7400.0,7713.65,196.0,NESTLE,Consumer
2026-03-10,7851.16,8000.0,7500.0,7899.29,132.0,NESTLE,Consumer
2026-03-11,7875.0,8000.0,7700.01,7814.28,163.0,NESTLE,Consumer
2026-03-12,7820.0,7850.0,7750.0,7821.88,57.0,NESTLE,Consumer
2026-03-13,7821.88,8100.0,7750.0,7799.67,427.0,NESTLE,Consumer
2026-03-16,7798.5,7980.0,7770.05,7781.36,217.0,NESTLE,Consumer
2026-03-17,7899.9,7925.0,7803.0,7892.0,197.0,NESTLE,Consumer
2026-03-18,7820.01,7919.0,7800.0,7899.0,70.0,NESTLE,Consumer
2026-03-19,7885.0,7900.0,7820.5,7887.17,122.0,NESTLE,Consumer
2026-03-24,8000.0,8000.0,7600.0,7700.0,1382.0,NESTLE,Consumer
2026-03-25,7750.0,7789.98,7650.0,7700.0,1479.0,NESTLE,Consumer
2026-03-26,7725.0,7799.95,7650.0,7748.0,484.0,NESTLE,Consumer
2026-03-27,7749.03,7890.0,7635.0,7742.38,123.0,NESTLE,Consumer
2026-03-30,7755.0,7755.0,7499.0,7532.62,714.0,NESTLE,Consumer
2026-03-31,7532.62,7737.95,7532.62,7712.4,115.0,NESTLE,Consumer
2026-04-01,7712.41,7800.0,7650.01,7697.29,987.0,NESTLE,Consumer
2026-04-02,7690.0,7700.0,7340.02,7696.0,296.0,NESTLE,Consumer
2026-04-03,7649.98,7850.0,7649.0,7677.46,198.0,NESTLE,Consumer
